date,rainfall_mm
1985-01-01,0.0
1985-01-02,0.0
1985-01-03,0.0
1985-01-04,0.0
1985-01-05,0.0
1985-01-06,0.0
1985-01-07,0.0
1985-01-08,0.0
1985-01-09,0.0
1985-01-10,0.0
1985-01-11,0.0
1985-01-12,0.0
1985-01-13,0.15
1985-01-14,0.01
1985-01-15,0.0
1985-01-16,0.02
1985-01-17,0.02
1985-01-18,0.0
1985-01-19,0.0
1985-01-20,0.0
1985-01-21,0.0
1985-01-22,0.0
1985-01-23,0.0
1985-01-24,0.0
1985-01-25,0.0
1985-01-26,0.0
1985-01-27,0.0
1985-01-28,0.0
1985-01-29,0.0
1985-01-30,0.0
1985-01-31,0.0
1985-02-01,0.0
1985-02-02,0.0
1985-02-03,0.0
1985-02-04,0.0
1985-02-05,0.0
1985-02-06,0.0
1985-02-07,0.0
1985-02-08,0.0
1985-02-09,0.0
1985-02-10,0.0
1985-02-11,0.0
1985-02-12,0.0
1985-02-13,0.0
1985-02-14,0.0
1985-02-15,0.0
1985-02-16,0.0
1985-02-17,0.0
1985-02-18,0.0
1985-02-19,0.0
1985-02-20,0.0
1985-02-21,0.0
1985-02-22,0.0
1985-02-23,0.0
1985-02-24,0.0
1985-02-25,0.0
1985-02-26,0.0
1985-02-27,0.0
1985-02-28,0.0
1985-03-01,0.0
1985-03-02,0.0
1985-03-03,0.0
1985-03-04,0.0
1985-03-05,0.0
1985-03-06,0.0
1985-03-07,0.0
1985-03-08,0.0
1985-03-09,0.0
1985-03-10,0.0
1985-03-11,0.0
1985-03-12,0.0
1985-03-13,0.0
1985-03-14,0.0
1985-03-15,0.0
1985-03-16,0.0
1985-03-17,0.0
1985-03-18,0.0
1985-03-19,0.0
1985-03-20,0.0
1985-03-21,0.0
1985-03-22,0.0
1985-03-23,0.01
1985-03-24,0.01
1985-03-25,0.0
1985-03-26,0.0
1985-03-27,0.0
1985-03-28,0.0
1985-03-29,0.0
1985-03-30,0.0
1985-03-31,0.05
1985-04-01,0.97
1985-04-02,7.07
1985-04-03,0.04
1985-04-04,0.0
1985-04-05,0.0
1985-04-06,0.0
1985-04-07,0.0
1985-04-08,0.0
1985-04-09,0.0
1985-04-10,0.0
1985-04-11,0.0
1985-04-12,0.0
1985-04-13,0.0
1985-04-14,0.0
1985-04-15,0.0
1985-04-16,0.0
1985-04-17,0.0
1985-04-18,0.0
1985-04-19,0.0
1985-04-20,0.0
1985-04-21,0.01
1985-04-22,0.0
1985-04-23,0.03
1985-04-24,0.01
1985-04-25,0.0
1985-04-26,0.0
1985-04-27,0.0
1985-04-28,0.0
1985-04-29,0.0
1985-04-30,0.0
1985-05-01,0.0
1985-05-02,0.0
1985-05-03,0.0
1985-05-04,0.0
1985-05-05,0.0
1985-05-06,0.0
1985-05-07,0.0
1985-05-08,0.0
1985-05-09,4.27
1985-05-10,0.08
1985-05-11,0.04
1985-05-12,0.01
1985-05-13,0.0
1985-05-14,0.0
1985-05-15,0.0
1985-05-16,0.0
1985-05-17,0.0
1985-05-18,0.19
1985-05-19,3.7
1985-05-20,62.08
1985-05-21,0.06
1985-05-22,0.0
1985-05-23,0.02
1985-05-24,0.01
1985-05-25,0.0
1985-05-26,0.13
1985-05-27,0.08
1985-05-28,0.14
1985-05-29,0.26
1985-05-30,2.43
1985-05-31,0.48
1985-06-01,2.24
1985-06-02,1.83
1985-06-03,1.29
1985-06-04,1.68
1985-06-05,0.64
1985-06-06,0.67
1985-06-07,1.16
1985-06-08,35.36
1985-06-09,21.6
1985-06-10,12.13
1985-06-11,26.75
1985-06-12,5.97
1985-06-13,9.58
1985-06-14,0.9
1985-06-15,5.06
1985-06-16,13.94
1985-06-17,22.88
1985-06-18,25.72
1985-06-19,4.26
1985-06-20,0.32
1985-06-21,0.87
1985-06-22,0.41
1985-06-23,0.37
1985-06-24,3.13
1985-06-25,14.7
1985-06-26,10.29
1985-06-27,18.18
1985-06-28,38.48
1985-06-29,16.65
1985-06-30,6.35
1985-07-01,5.07
1985-07-02,4.08
1985-07-03,6.29
1985-07-04,5.95
1985-07-05,3.6
1985-07-06,1.97
1985-07-07,2.95
1985-07-08,1.9
1985-07-09,0.49
1985-07-10,0.13
1985-07-11,0.04
1985-07-12,0.05
1985-07-13,2.72
1985-07-14,5.82
1985-07-15,3.25
1985-07-16,0.57
1985-07-17,8.37
1985-07-18,42.25
1985-07-19,23.35
1985-07-20,19.78
1985-07-21,16.47
1985-07-22,11.89
1985-07-23,8.37
1985-07-24,18.82
1985-07-25,11.4
1985-07-26,22.61
1985-07-27,18.02
1985-07-28,5.16
1985-07-29,3.2
1985-07-30,2.87
1985-07-31,17.64
1985-08-01,22.02
1985-08-02,47.01
1985-08-03,27.4
1985-08-04,7.96
1985-08-05,6.6
1985-08-06,3.59
1985-08-07,5.31
1985-08-08,6.78
1985-08-09,5.88
1985-08-10,6.13
1985-08-11,3.8
1985-08-12,4.06
1985-08-13,5.53
1985-08-14,7.14
1985-08-15,9.04
1985-08-16,3.24
1985-08-17,13.15
1985-08-18,3.43
1985-08-19,0.73
1985-08-20,0.91
1985-08-21,0.72
1985-08-22,7.78
1985-08-23,5.08
1985-08-24,2.64
1985-08-25,1.49
1985-08-26,0.56
1985-08-27,0.9
1985-08-28,3.39
1985-08-29,4.33
1985-08-30,3.58
1985-08-31,0.61
1985-09-01,0.1
1985-09-02,0.57
1985-09-03,0.36
1985-09-04,0.04
1985-09-05,0.25
1985-09-06,11.37
1985-09-07,4.8
1985-09-08,3.42
1985-09-09,5.0
1985-09-10,1.28
1985-09-11,0.86
1985-09-12,1.24
1985-09-13,0.8
1985-09-14,1.53
1985-09-15,1.12
1985-09-16,0.09
1985-09-17,0.71
1985-09-18,0.44
1985-09-19,0.51
1985-09-20,0.59
1985-09-21,0.19
1985-09-22,0.0
1985-09-23,0.0
1985-09-24,0.0
1985-09-25,0.03
1985-09-26,0.05
1985-09-27,1.01
1985-09-28,21.25
1985-09-29,6.25
1985-09-30,22.16
1985-10-01,4.61
1985-10-02,0.85
1985-10-03,3.88
1985-10-04,31.36
1985-10-05,58.71
1985-10-06,15.31
1985-10-07,10.94
1985-10-08,18.83
1985-10-09,14.23
1985-10-10,1.55
1985-10-11,0.0
1985-10-12,0.0
1985-10-13,0.0
1985-10-14,0.0
1985-10-15,0.0
1985-10-16,0.0
1985-10-17,0.0
1985-10-18,0.0
1985-10-19,0.03
1985-10-20,0.02
1985-10-21,0.0
1985-10-22,0.0
1985-10-23,0.0
1985-10-24,0.0
1985-10-25,0.0
1985-10-26,0.0
1985-10-27,0.0
1985-10-28,0.0
1985-10-29,0.0
1985-10-30,0.0
1985-10-31,0.0
1985-11-01,0.0
1985-11-02,0.0
1985-11-03,0.0
1985-11-04,0.0
1985-11-05,0.0
1985-11-06,0.0
1985-11-07,0.0
1985-11-08,0.01
1985-11-09,0.37
1985-11-10,55.95
1985-11-11,0.14
1985-11-12,0.0
1985-11-13,0.0
1985-11-14,0.0
1985-11-15,0.0
1985-11-16,0.0
1985-11-17,0.0
1985-11-18,0.0
1985-11-19,0.0
1985-11-20,0.0
1985-11-21,0.0
1985-11-22,0.0
1985-11-23,0.0
1985-11-24,0.0
1985-11-25,0.0
1985-11-26,0.0
1985-11-27,0.0
1985-11-28,0.0
1985-11-29,0.0
1985-11-30,0.0
1985-12-01,0.0
1985-12-02,0.0
1985-12-03,0.0
1985-12-04,0.0
1985-12-05,0.0
1985-12-06,0.0
1985-12-07,0.0
1985-12-08,0.0
1985-12-09,0.0
1985-12-10,0.0
1985-12-11,0.0
1985-12-12,0.0
1985-12-13,0.0
1985-12-14,0.0
1985-12-15,0.0
1985-12-16,0.0
1985-12-17,0.0
1985-12-18,0.0
1985-12-19,0.0
1985-12-20,0.0
1985-12-21,0.0
1985-12-22,0.0
1985-12-23,0.0
1985-12-24,0.0
1985-12-25,0.0
1985-12-26,0.0
1985-12-27,0.0
1985-12-28,0.0
1985-12-29,0.0
1985-12-30,0.0
1985-12-31,0.0
1986-01-01,0.0
1986-01-02,0.0
1986-01-03,0.0
1986-01-04,0.0
1986-01-05,0.0
1986-01-06,0.0
1986-01-07,0.0
1986-01-08,0.0
1986-01-09,0.0
1986-01-10,0.0
1986-01-11,0.0
1986-01-12,0.0
1986-01-13,0.0
1986-01-14,0.0
1986-01-15,1.01
1986-01-16,0.17
1986-01-17,0.0
1986-01-18,0.0
1986-01-19,0.0
1986-01-20,0.0
1986-01-21,0.0
1986-01-22,0.0
1986-01-23,0.0
1986-01-24,0.0
1986-01-25,0.0
1986-01-26,0.0
1986-01-27,0.0
1986-01-28,0.0
1986-01-29,0.0
1986-01-30,0.0
1986-01-31,0.0
1986-02-01,0.0
1986-02-02,0.0
1986-02-03,0.0
1986-02-04,0.0
1986-02-05,0.0
1986-02-06,0.0
1986-02-07,0.0
1986-02-08,0.0
1986-02-09,0.07
1986-02-10,0.13
1986-02-11,0.0
1986-02-12,0.0
1986-02-13,0.0
1986-02-14,0.0
1986-02-15,0.0
1986-02-16,0.0
1986-02-17,0.0
1986-02-18,0.0
1986-02-19,0.0
1986-02-20,0.0
1986-02-21,0.0
1986-02-22,0.0
1986-02-23,0.0
1986-02-24,0.0
1986-02-25,0.0
1986-02-26,0.0
1986-02-27,0.0
1986-02-28,0.0
1986-03-01,0.0
1986-03-02,0.0
1986-03-03,0.0
1986-03-04,0.0
1986-03-05,0.0
1986-03-06,0.0
1986-03-07,0.0
1986-03-08,0.0
1986-03-09,0.0
1986-03-10,0.0
1986-03-11,0.0
1986-03-12,0.0
1986-03-13,0.0
1986-03-14,0.0
1986-03-15,0.0
1986-03-16,0.15
1986-03-17,0.0
1986-03-18,0.0
1986-03-19,0.01
1986-03-20,0.0
1986-03-21,0.0
1986-03-22,0.0
1986-03-23,0.0
1986-03-24,0.0
1986-03-25,0.0
1986-03-26,0.0
1986-03-27,0.0
1986-03-28,0.0
1986-03-29,0.0
1986-03-30,0.0
1986-03-31,0.0
1986-04-01,0.0
1986-04-02,0.0
1986-04-03,0.0
1986-04-04,0.0
1986-04-05,0.0
1986-04-06,0.0
1986-04-07,0.0
1986-04-08,0.0
1986-04-09,0.0
1986-04-10,0.01
1986-04-11,0.0
1986-04-12,0.0
1986-04-13,0.01
1986-04-14,0.05
1986-04-15,0.0
1986-04-16,0.01
1986-04-17,0.0
1986-04-18,0.0
1986-04-19,0.0
1986-04-20,0.0
1986-04-21,0.0
1986-04-22,0.0
1986-04-23,0.01
1986-04-24,0.01
1986-04-25,0.0
1986-04-26,0.0
1986-04-27,0.0
1986-04-28,0.0
1986-04-29,0.0
1986-04-30,0.0
1986-05-01,0.0
1986-05-02,0.02
1986-05-03,0.03
1986-05-04,6.6
1986-05-05,13.13
1986-05-06,0.0
1986-05-07,0.0
1986-05-08,0.0
1986-05-09,0.0
1986-05-10,0.0
1986-05-11,0.0
1986-05-12,0.0
1986-05-13,0.0
1986-05-14,0.0
1986-05-15,0.02
1986-05-16,0.0
1986-05-17,0.0
1986-05-18,0.0
1986-05-19,0.0
1986-05-20,0.0
1986-05-21,0.0
1986-05-22,0.0
1986-05-23,0.0
1986-05-24,0.0
1986-05-25,0.0
1986-05-26,0.0
1986-05-27,0.0
1986-05-28,0.0
1986-05-29,0.0
1986-05-30,0.01
1986-05-31,0.18
1986-06-01,0.88
1986-06-02,3.33
1986-06-03,12.19
1986-06-04,56.02
1986-06-05,17.8
1986-06-06,1.38
1986-06-07,3.81
1986-06-08,2.69
1986-06-09,5.56
1986-06-10,7.84
1986-06-11,0.26
1986-06-12,1.55
1986-06-13,11.83
1986-06-14,4.95
1986-06-15,10.75
1986-06-16,3.68
1986-06-17,5.21
1986-06-18,24.88
1986-06-19,34.0
1986-06-20,15.11
1986-06-21,24.18
1986-06-22,47.89
1986-06-23,33.22
1986-06-24,16.41
1986-06-25,12.81
1986-06-26,1.59
1986-06-27,3.96
1986-06-28,15.5
1986-06-29,18.0
1986-06-30,18.97
1986-07-01,5.46
1986-07-02,1.54
1986-07-03,1.64
1986-07-04,0.53
1986-07-05,0.65
1986-07-06,14.49
1986-07-07,9.11
1986-07-08,4.77
1986-07-09,1.47
1986-07-10,1.14
1986-07-11,0.35
1986-07-12,0.08
1986-07-13,0.25
1986-07-14,0.7
1986-07-15,10.2
1986-07-16,13.01
1986-07-17,12.48
1986-07-18,17.99
1986-07-19,24.56
1986-07-20,9.82
1986-07-21,5.53
1986-07-22,4.56
1986-07-23,2.61
1986-07-24,1.11
1986-07-25,0.66
1986-07-26,0.56
1986-07-27,0.69
1986-07-28,1.25
1986-07-29,1.82
1986-07-30,0.77
1986-07-31,0.82
1986-08-01,0.69
1986-08-02,2.55
1986-08-03,2.3
1986-08-04,4.38
1986-08-05,3.09
1986-08-06,11.45
1986-08-07,15.76
1986-08-08,42.59
1986-08-09,29.2
1986-08-10,14.73
1986-08-11,5.18
1986-08-12,17.92
1986-08-13,30.95
1986-08-14,12.37
1986-08-15,1.96
1986-08-16,1.02
1986-08-17,3.86
1986-08-18,1.77
1986-08-19,3.94
1986-08-20,2.08
1986-08-21,1.98
1986-08-22,2.59
1986-08-23,1.14
1986-08-24,0.27
1986-08-25,0.23
1986-08-26,0.32
1986-08-27,0.17
1986-08-28,0.21
1986-08-29,0.35
1986-08-30,1.25
1986-08-31,0.8
1986-09-01,0.67
1986-09-02,0.22
1986-09-03,0.0
1986-09-04,0.53
1986-09-05,2.01
1986-09-06,0.68
1986-09-07,0.51
1986-09-08,0.83
1986-09-09,0.69
1986-09-10,0.26
1986-09-11,0.0
1986-09-12,0.0
1986-09-13,0.0
1986-09-14,0.0
1986-09-15,0.67
1986-09-16,0.07
1986-09-17,0.9
1986-09-18,10.96
1986-09-19,12.62
1986-09-20,9.3
1986-09-21,1.7
1986-09-22,3.43
1986-09-23,2.45
1986-09-24,22.81
1986-09-25,1.08
1986-09-26,0.01
1986-09-27,0.03
1986-09-28,0.77
1986-09-29,0.17
1986-09-30,0.17
1986-10-01,0.33
1986-10-02,0.9
1986-10-03,1.07
1986-10-04,0.94
1986-10-05,0.33
1986-10-06,0.0
1986-10-07,0.02
1986-10-08,0.01
1986-10-09,0.0
1986-10-10,0.0
1986-10-11,0.0
1986-10-12,0.0
1986-10-13,0.0
1986-10-14,0.0
1986-10-15,0.0
1986-10-16,0.0
1986-10-17,0.0
1986-10-18,0.0
1986-10-19,0.0
1986-10-20,0.0
1986-10-21,0.0
1986-10-22,0.0
1986-10-23,0.0
1986-10-24,0.0
1986-10-25,1.47
1986-10-26,0.0
1986-10-27,0.0
1986-10-28,0.0
1986-10-29,0.0
1986-10-30,0.0
1986-10-31,0.1
1986-11-01,0.5
1986-11-02,0.66
1986-11-03,0.07
1986-11-04,1.02
1986-11-05,3.4
1986-11-06,3.74
1986-11-07,1.13
1986-11-08,0.33
1986-11-09,0.0
1986-11-10,1.34
1986-11-11,0.35
1986-11-12,0.0
1986-11-13,0.0
1986-11-14,0.0
1986-11-15,0.0
1986-11-16,0.0
1986-11-17,0.0
1986-11-18,0.0
1986-11-19,0.0
1986-11-20,0.0
1986-11-21,0.0
1986-11-22,0.0
1986-11-23,0.0
1986-11-24,0.0
1986-11-25,0.0
1986-11-26,0.0
1986-11-27,0.0
1986-11-28,0.0
1986-11-29,0.0
1986-11-30,0.0
1986-12-01,0.0
1986-12-02,0.0
1986-12-03,0.0
1986-12-04,0.0
1986-12-05,0.0
1986-12-06,0.0
1986-12-07,0.0
1986-12-08,0.0
1986-12-09,0.0
1986-12-10,0.02
1986-12-11,0.0
1986-12-12,0.0
1986-12-13,0.0
1986-12-14,0.0
1986-12-15,0.0
1986-12-16,0.0
1986-12-17,0.0
1986-12-18,0.0
1986-12-19,0.0
1986-12-20,0.0
1986-12-21,0.0
1986-12-22,0.0
1986-12-23,0.0
1986-12-24,0.0
1986-12-25,0.11
1986-12-26,0.41
1986-12-27,1.24
1986-12-28,24.04
1986-12-29,1.45
1986-12-30,0.0
1986-12-31,0.0
1987-01-01,0.0
1987-01-02,0.0
1987-01-03,0.0
1987-01-04,0.0
1987-01-05,0.0
1987-01-06,0.0
1987-01-07,0.0
1987-01-08,0.0
1987-01-09,0.0
1987-01-10,0.0
1987-01-11,0.0
1987-01-12,0.0
1987-01-13,0.0
1987-01-14,0.0
1987-01-15,0.0
1987-01-16,0.0
1987-01-17,0.0
1987-01-18,0.0
1987-01-19,0.0
1987-01-20,0.0
1987-01-21,0.0
1987-01-22,0.0
1987-01-23,2.57
1987-01-24,0.21
1987-01-25,0.01
1987-01-26,0.0
1987-01-27,0.0
1987-01-28,0.0
1987-01-29,0.0
1987-01-30,0.0
1987-01-31,0.0
1987-02-01,0.0
1987-02-02,0.0
1987-02-03,0.0
1987-02-04,0.0
1987-02-05,0.0
1987-02-06,0.0
1987-02-07,0.0
1987-02-08,0.0
1987-02-09,0.0
1987-02-10,0.0
1987-02-11,0.0
1987-02-12,0.0
1987-02-13,0.0
1987-02-14,0.0
1987-02-15,0.0
1987-02-16,0.0
1987-02-17,0.0
1987-02-18,0.0
1987-02-19,0.0
1987-02-20,0.02
1987-02-21,1.77
1987-02-22,0.42
1987-02-23,0.11
1987-02-24,0.01
1987-02-25,0.0
1987-02-26,0.0
1987-02-27,0.0
1987-02-28,0.0
1987-03-01,0.0
1987-03-02,0.0
1987-03-03,0.0
1987-03-04,0.0
1987-03-05,0.0
1987-03-06,0.0
1987-03-07,0.04
1987-03-08,0.06
1987-03-09,0.09
1987-03-10,0.0
1987-03-11,0.0
1987-03-12,0.0
1987-03-13,0.0
1987-03-14,0.0
1987-03-15,0.0
1987-03-16,0.0
1987-03-17,0.0
1987-03-18,0.0
1987-03-19,0.0
1987-03-20,0.0
1987-03-21,0.0
1987-03-22,0.0
1987-03-23,0.0
1987-03-24,0.0
1987-03-25,0.0
1987-03-26,0.0
1987-03-27,0.0
1987-03-28,0.2
1987-03-29,0.0
1987-03-30,0.0
1987-03-31,0.0
1987-04-01,0.0
1987-04-02,0.0
1987-04-03,0.0
1987-04-04,0.0
1987-04-05,0.0
1987-04-06,0.0
1987-04-07,0.0
1987-04-08,0.02
1987-04-09,0.0
1987-04-10,0.0
1987-04-11,0.0
1987-04-12,0.0
1987-04-13,0.0
1987-04-14,0.0
1987-04-15,0.0
1987-04-16,0.0
1987-04-17,2.72
1987-04-18,0.5
1987-04-19,0.01
1987-04-20,0.0
1987-04-21,0.0
1987-04-22,0.0
1987-04-23,0.0
1987-04-24,0.0
1987-04-25,0.0
1987-04-26,0.0
1987-04-27,0.0
1987-04-28,0.0
1987-04-29,0.0
1987-04-30,0.0
1987-05-01,0.0
1987-05-02,0.0
1987-05-03,0.0
1987-05-04,0.0
1987-05-05,0.0
1987-05-06,0.0
1987-05-07,0.0
1987-05-08,0.0
1987-05-09,0.0
1987-05-10,0.02
1987-05-11,0.01
1987-05-12,13.09
1987-05-13,0.7
1987-05-14,9.56
1987-05-15,0.01
1987-05-16,2.01
1987-05-17,1.33
1987-05-18,0.13
1987-05-19,0.01
1987-05-20,0.12
1987-05-21,0.15
1987-05-22,3.49
1987-05-23,2.4
1987-05-24,16.25
1987-05-25,13.29
1987-05-26,6.96
1987-05-27,4.43
1987-05-28,12.52
1987-05-29,0.5
1987-05-30,0.03
1987-05-31,0.01
1987-06-01,0.05
1987-06-02,2.71
1987-06-03,2.6
1987-06-04,0.05
1987-06-05,4.99
1987-06-06,4.53
1987-06-07,3.7
1987-06-08,4.1
1987-06-09,4.78
1987-06-10,4.07
1987-06-11,3.03
1987-06-12,13.72
1987-06-13,8.23
1987-06-14,6.94
1987-06-15,8.2
1987-06-16,17.59
1987-06-17,12.99
1987-06-18,4.62
1987-06-19,0.34
1987-06-20,0.07
1987-06-21,0.03
1987-06-22,0.0
1987-06-23,0.03
1987-06-24,0.2
1987-06-25,20.82
1987-06-26,15.39
1987-06-27,24.07
1987-06-28,5.85
1987-06-29,8.5
1987-06-30,5.34
1987-07-01,23.48
1987-07-02,11.91
1987-07-03,7.67
1987-07-04,9.59
1987-07-05,8.53
1987-07-06,9.16
1987-07-07,42.75
1987-07-08,25.52
1987-07-09,5.53
1987-07-10,0.96
1987-07-11,0.58
1987-07-12,2.84
1987-07-13,8.01
1987-07-14,6.18
1987-07-15,8.1
1987-07-16,9.91
1987-07-17,3.23
1987-07-18,1.43
1987-07-19,6.43
1987-07-20,6.46
1987-07-21,2.29
1987-07-22,0.6
1987-07-23,6.38
1987-07-24,3.94
1987-07-25,3.45
1987-07-26,2.58
1987-07-27,3.46
1987-07-28,1.21
1987-07-29,0.77
1987-07-30,0.71
1987-07-31,1.75
1987-08-01,2.0
1987-08-02,1.53
1987-08-03,0.56
1987-08-04,0.17
1987-08-05,6.25
1987-08-06,5.44
1987-08-07,10.6
1987-08-08,11.33
1987-08-09,5.87
1987-08-10,9.65
1987-08-11,2.71
1987-08-12,3.73
1987-08-13,5.77
1987-08-14,9.89
1987-08-15,7.54
1987-08-16,6.62
1987-08-17,181.21
1987-08-18,21.58
1987-08-19,18.67
1987-08-20,64.2
1987-08-21,42.38
1987-08-22,20.48
1987-08-23,6.43
1987-08-24,5.91
1987-08-25,18.1
1987-08-26,20.73
1987-08-27,4.1
1987-08-28,0.32
1987-08-29,0.64
1987-08-30,1.16
1987-08-31,0.6
1987-09-01,4.58
1987-09-02,5.27
1987-09-03,3.6
1987-09-04,2.38
1987-09-05,1.15
1987-09-06,0.16
1987-09-07,0.49
1987-09-08,0.69
1987-09-09,2.15
1987-09-10,1.22
1987-09-11,5.42
1987-09-12,4.17
1987-09-13,0.24
1987-09-14,0.57
1987-09-15,0.04
1987-09-16,0.15
1987-09-17,0.04
1987-09-18,0.56
1987-09-19,0.39
1987-09-20,0.19
1987-09-21,0.31
1987-09-22,0.18
1987-09-23,0.07
1987-09-24,0.01
1987-09-25,6.43
1987-09-26,2.44
1987-09-27,2.25
1987-09-28,0.53
1987-09-29,1.75
1987-09-30,2.52
1987-10-01,0.13
1987-10-02,3.07
1987-10-03,21.21
1987-10-04,28.15
1987-10-05,45.34
1987-10-06,22.11
1987-10-07,5.45
1987-10-08,0.25
1987-10-09,0.38
1987-10-10,0.18
1987-10-11,0.0
1987-10-12,0.0
1987-10-13,0.02
1987-10-14,0.02
1987-10-15,0.04
1987-10-16,0.0
1987-10-17,2.77
1987-10-18,30.12
1987-10-19,3.82
1987-10-20,0.48
1987-10-21,0.04
1987-10-22,0.03
1987-10-23,4.26
1987-10-24,1.8
1987-10-25,2.53
1987-10-26,0.0
1987-10-27,0.0
1987-10-28,0.0
1987-10-29,0.0
1987-10-30,0.0
1987-10-31,0.0
1987-11-01,0.0
1987-11-02,0.0
1987-11-03,0.0
1987-11-04,0.0
1987-11-05,1.29
1987-11-06,1.63
1987-11-07,0.04
1987-11-08,0.0
1987-11-09,0.0
1987-11-10,0.0
1987-11-11,0.0
1987-11-12,0.0
1987-11-13,0.0
1987-11-14,0.17
1987-11-15,0.27
1987-11-16,0.08
1987-11-17,0.83
1987-11-18,1.68
1987-11-19,3.07
1987-11-20,0.55
1987-11-21,1.87
1987-11-22,0.0
1987-11-23,0.17
1987-11-24,0.0
1987-11-25,0.0
1987-11-26,0.0
1987-11-27,0.0
1987-11-28,0.0
1987-11-29,0.0
1987-11-30,0.0
1987-12-01,0.0
1987-12-02,0.0
1987-12-03,0.0
1987-12-04,0.0
1987-12-05,0.0
1987-12-06,0.0
1987-12-07,0.0
1987-12-08,0.0
1987-12-09,0.0
1987-12-10,0.41
1987-12-11,8.45
1987-12-12,13.39
1987-12-13,5.23
1987-12-14,0.52
1987-12-15,0.01
1987-12-16,0.0
1987-12-17,0.0
1987-12-18,0.0
1987-12-19,0.0
1987-12-20,0.0
1987-12-21,0.0
1987-12-22,0.0
1987-12-23,0.0
1987-12-24,0.0
1987-12-25,0.0
1987-12-26,0.0
1987-12-27,0.0
1987-12-28,0.0
1987-12-29,0.0
1987-12-30,0.0
1987-12-31,0.0
1988-01-01,0.0
1988-01-02,0.0
1988-01-03,0.0
1988-01-04,0.0
1988-01-05,0.0
1988-01-06,0.0
1988-01-07,0.0
1988-01-08,0.0
1988-01-09,0.0
1988-01-10,0.0
1988-01-11,0.0
1988-01-12,0.0
1988-01-13,0.0
1988-01-14,0.0
1988-01-15,0.0
1988-01-16,0.0
1988-01-17,0.0
1988-01-18,0.0
1988-01-19,0.0
1988-01-20,0.0
1988-01-21,0.0
1988-01-22,0.0
1988-01-23,0.0
1988-01-24,0.0
1988-01-25,0.0
1988-01-26,0.0
1988-01-27,0.0
1988-01-28,0.0
1988-01-29,0.0
1988-01-30,0.0
1988-01-31,0.0
1988-02-01,0.0
1988-02-02,0.0
1988-02-03,0.0
1988-02-04,0.0
1988-02-05,0.0
1988-02-06,0.0
1988-02-07,0.0
1988-02-08,0.0
1988-02-09,0.0
1988-02-10,0.0
1988-02-11,0.0
1988-02-12,0.0
1988-02-13,0.0
1988-02-14,0.0
1988-02-15,0.0
1988-02-16,0.0
1988-02-17,0.0
1988-02-18,0.0
1988-02-19,0.0
1988-02-20,0.15
1988-02-21,0.02
1988-02-22,0.0
1988-02-23,0.0
1988-02-24,0.0
1988-02-25,0.0
1988-02-26,0.0
1988-02-27,0.0
1988-02-28,0.0
1988-02-29,0.0
1988-03-01,0.0
1988-03-02,0.0
1988-03-03,0.0
1988-03-04,0.0
1988-03-05,0.0
1988-03-06,0.0
1988-03-07,0.0
1988-03-08,0.0
1988-03-09,0.0
1988-03-10,0.0
1988-03-11,0.0
1988-03-12,0.0
1988-03-13,0.0
1988-03-14,0.0
1988-03-15,0.0
1988-03-16,0.0
1988-03-17,0.0
1988-03-18,0.0
1988-03-19,0.0
1988-03-20,0.0
1988-03-21,0.0
1988-03-22,0.0
1988-03-23,0.0
1988-03-24,0.0
1988-03-25,0.0
1988-03-26,0.0
1988-03-27,0.0
1988-03-28,0.0
1988-03-29,0.0
1988-03-30,0.0
1988-03-31,0.0
1988-04-01,0.0
1988-04-02,0.0
1988-04-03,0.0
1988-04-04,0.0
1988-04-05,0.0
1988-04-06,0.0
1988-04-07,0.0
1988-04-08,0.02
1988-04-09,0.04
1988-04-10,1.85
1988-04-11,0.43
1988-04-12,0.01
1988-04-13,0.04
1988-04-14,0.12
1988-04-15,1.41
1988-04-16,0.0
1988-04-17,0.0
1988-04-18,0.0
1988-04-19,0.0
1988-04-20,0.02
1988-04-21,0.0
1988-04-22,0.0
1988-04-23,0.0
1988-04-24,0.01
1988-04-25,8.57
1988-04-26,5.22
1988-04-27,0.0
1988-04-28,13.01
1988-04-29,1.75
1988-04-30,0.08
1988-05-01,0.21
1988-05-02,0.11
1988-05-03,0.0
1988-05-04,0.8
1988-05-05,9.21
1988-05-06,0.0
1988-05-07,0.0
1988-05-08,0.0
1988-05-09,0.0
1988-05-10,0.0
1988-05-11,0.0
1988-05-12,0.0
1988-05-13,0.0
1988-05-14,0.0
1988-05-15,0.0
1988-05-16,0.0
1988-05-17,0.0
1988-05-18,0.0
1988-05-19,0.0
1988-05-20,0.0
1988-05-21,0.08
1988-05-22,0.17
1988-05-23,0.41
1988-05-24,0.28
1988-05-25,0.06
1988-05-26,0.0
1988-05-27,0.0
1988-05-28,0.0
1988-05-29,0.0
1988-05-30,0.0
1988-05-31,0.0
1988-06-01,0.0
1988-06-02,0.0
1988-06-03,0.84
1988-06-04,1.45
1988-06-05,1.29
1988-06-06,0.38
1988-06-07,0.25
1988-06-08,3.65
1988-06-09,28.83
1988-06-10,5.38
1988-06-11,1.06
1988-06-12,0.63
1988-06-13,17.91
1988-06-14,15.15
1988-06-15,16.71
1988-06-16,24.66
1988-06-17,4.58
1988-06-18,5.87
1988-06-19,18.47
1988-06-20,2.73
1988-06-21,3.29
1988-06-22,3.83
1988-06-23,4.3
1988-06-24,2.42
1988-06-25,3.06
1988-06-26,10.65
1988-06-27,6.26
1988-06-28,2.92
1988-06-29,4.31
1988-06-30,2.14
1988-07-01,1.24
1988-07-02,5.16
1988-07-03,10.92
1988-07-04,16.27
1988-07-05,13.3
1988-07-06,12.7
1988-07-07,5.85
1988-07-08,8.56
1988-07-09,12.7
1988-07-10,1.96
1988-07-11,17.67
1988-07-12,1.74
1988-07-13,23.32
1988-07-14,38.12
1988-07-15,28.68
1988-07-16,22.86
1988-07-17,77.03
1988-07-18,62.37
1988-07-19,35.17
1988-07-20,44.85
1988-07-21,16.61
1988-07-22,9.48
1988-07-23,21.91
1988-07-24,25.55
1988-07-25,16.86
1988-07-26,46.84
1988-07-27,45.91
1988-07-28,19.58
1988-07-29,17.61
1988-07-30,9.54
1988-07-31,4.2
1988-08-01,9.11
1988-08-02,42.09
1988-08-03,31.29
1988-08-04,10.01
1988-08-05,1.11
1988-08-06,4.07
1988-08-07,4.18
1988-08-08,2.74
1988-08-09,1.8
1988-08-10,1.95
1988-08-11,3.6
1988-08-12,5.32
1988-08-13,4.42
1988-08-14,2.0
1988-08-15,1.13
1988-08-16,3.63
1988-08-17,5.69
1988-08-18,4.93
1988-08-19,11.43
1988-08-20,7.83
1988-08-21,9.58
1988-08-22,4.2
1988-08-23,4.89
1988-08-24,6.35
1988-08-25,3.79
1988-08-26,3.74
1988-08-27,1.74
1988-08-28,0.53
1988-08-29,1.44
1988-08-30,2.36
1988-08-31,5.58
1988-09-01,13.37
1988-09-02,10.07
1988-09-03,35.56
1988-09-04,6.51
1988-09-05,0.69
1988-09-06,0.32
1988-09-07,0.59
1988-09-08,2.23
1988-09-09,3.83
1988-09-10,3.56
1988-09-11,62.69
1988-09-12,78.52
1988-09-13,3.41
1988-09-14,20.53
1988-09-15,24.5
1988-09-16,4.2
1988-09-17,13.06
1988-09-18,43.94
1988-09-19,14.48
1988-09-20,13.0
1988-09-21,14.7
1988-09-22,12.38
1988-09-23,31.51
1988-09-24,25.62
1988-09-25,10.58
1988-09-26,19.01
1988-09-27,42.85
1988-09-28,40.12
1988-09-29,29.82
1988-09-30,8.6
1988-10-01,0.44
1988-10-02,0.16
1988-10-03,25.27
1988-10-04,6.39
1988-10-05,1.17
1988-10-06,0.13
1988-10-07,0.07
1988-10-08,0.32
1988-10-09,0.15
1988-10-10,0.0
1988-10-11,0.0
1988-10-12,0.0
1988-10-13,0.0
1988-10-14,0.0
1988-10-15,0.0
1988-10-16,0.0
1988-10-17,0.0
1988-10-18,0.0
1988-10-19,0.0
1988-10-20,0.0
1988-10-21,0.0
1988-10-22,0.0
1988-10-23,0.06
1988-10-24,0.09
1988-10-25,0.0
1988-10-26,0.0
1988-10-27,0.0
1988-10-28,0.0
1988-10-29,0.0
1988-10-30,0.0
1988-10-31,0.0
1988-11-01,0.0
1988-11-02,0.0
1988-11-03,0.0
1988-11-04,0.77
1988-11-05,0.4
1988-11-06,0.0
1988-11-07,0.0
1988-11-08,0.0
1988-11-09,0.0
1988-11-10,0.0
1988-11-11,0.0
1988-11-12,0.0
1988-11-13,0.0
1988-11-14,0.0
1988-11-15,0.0
1988-11-16,0.0
1988-11-17,0.0
1988-11-18,0.0
1988-11-19,0.0
1988-11-20,0.0
1988-11-21,0.0
1988-11-22,0.0
1988-11-23,0.0
1988-11-24,0.0
1988-11-25,0.0
1988-11-26,0.0
1988-11-27,0.0
1988-11-28,0.0
1988-11-29,0.0
1988-11-30,0.0
1988-12-01,0.0
1988-12-02,0.0
1988-12-03,0.0
1988-12-04,0.0
1988-12-05,0.0
1988-12-06,0.0
1988-12-07,0.0
1988-12-08,0.0
1988-12-09,0.0
1988-12-10,0.0
1988-12-11,0.0
1988-12-12,0.0
1988-12-13,0.71
1988-12-14,1.25
1988-12-15,0.0
1988-12-16,0.0
1988-12-17,0.0
1988-12-18,0.0
1988-12-19,0.0
1988-12-20,0.0
1988-12-21,0.0
1988-12-22,0.0
1988-12-23,0.0
1988-12-24,0.0
1988-12-25,0.0
1988-12-26,0.0
1988-12-27,0.0
1988-12-28,0.0
1988-12-29,0.0
1988-12-30,0.0
1988-12-31,0.0
1989-01-01,0.0
1989-01-02,0.0
1989-01-03,0.0
1989-01-04,0.0
1989-01-05,0.0
1989-01-06,0.0
1989-01-07,0.0
1989-01-08,0.41
1989-01-09,0.0
1989-01-10,0.0
1989-01-11,0.0
1989-01-12,0.0
1989-01-13,0.0
1989-01-14,0.0
1989-01-15,0.0
1989-01-16,0.0
1989-01-17,0.0
1989-01-18,0.0
1989-01-19,0.0
1989-01-20,0.0
1989-01-21,0.0
1989-01-22,0.0
1989-01-23,0.0
1989-01-24,0.0
1989-01-25,0.0
1989-01-26,0.0
1989-01-27,0.0
1989-01-28,0.0
1989-01-29,0.0
1989-01-30,0.0
1989-01-31,0.0
1989-02-01,0.0
1989-02-02,0.0
1989-02-03,0.0
1989-02-04,0.0
1989-02-05,0.0
1989-02-06,0.0
1989-02-07,0.0
1989-02-08,0.0
1989-02-09,0.0
1989-02-10,0.0
1989-02-11,0.0
1989-02-12,0.0
1989-02-13,0.0
1989-02-14,0.0
1989-02-15,0.0
1989-02-16,0.0
1989-02-17,0.0
1989-02-18,0.0
1989-02-19,0.0
1989-02-20,0.0
1989-02-21,0.0
1989-02-22,0.0
1989-02-23,0.0
1989-02-24,0.0
1989-02-25,0.0
1989-02-26,0.0
1989-02-27,0.0
1989-02-28,0.0
1989-03-01,0.0
1989-03-02,0.0
1989-03-03,0.0
1989-03-04,0.0
1989-03-05,0.0
1989-03-06,0.0
1989-03-07,0.0
1989-03-08,0.0
1989-03-09,0.0
1989-03-10,0.0
1989-03-11,0.22
1989-03-12,1.45
1989-03-13,0.0
1989-03-14,0.02
1989-03-15,0.04
1989-03-16,0.04
1989-03-17,0.0
1989-03-18,0.0
1989-03-19,0.0
1989-03-20,0.0
1989-03-21,0.0
1989-03-22,0.12
1989-03-23,0.02
1989-03-24,0.08
1989-03-25,0.18
1989-03-26,4.45
1989-03-27,3.02
1989-03-28,0.01
1989-03-29,0.13
1989-03-30,0.04
1989-03-31,0.0
1989-04-01,0.0
1989-04-02,0.0
1989-04-03,0.0
1989-04-04,0.0
1989-04-05,0.0
1989-04-06,0.0
1989-04-07,0.0
1989-04-08,0.0
1989-04-09,0.0
1989-04-10,0.0
1989-04-11,0.0
1989-04-12,0.0
1989-04-13,0.0
1989-04-14,0.0
1989-04-15,0.0
1989-04-16,0.0
1989-04-17,0.0
1989-04-18,0.0
1989-04-19,0.97
1989-04-20,1.92
1989-04-21,2.2
1989-04-22,13.33
1989-04-23,0.74
1989-04-24,0.02
1989-04-25,0.0
1989-04-26,0.0
1989-04-27,0.0
1989-04-28,0.0
1989-04-29,0.0
1989-04-30,0.0
1989-05-01,0.0
1989-05-02,0.0
1989-05-03,0.0
1989-05-04,0.89
1989-05-05,4.7
1989-05-06,2.9
1989-05-07,0.02
1989-05-08,0.0
1989-05-09,0.0
1989-05-10,0.0
1989-05-11,0.0
1989-05-12,0.0
1989-05-13,0.0
1989-05-14,0.0
1989-05-15,0.0
1989-05-16,0.0
1989-05-17,0.02
1989-05-18,0.07
1989-05-19,0.03
1989-05-20,0.0
1989-05-21,0.0
1989-05-22,0.0
1989-05-23,0.0
1989-05-24,0.0
1989-05-25,0.02
1989-05-26,0.05
1989-05-27,0.0
1989-05-28,0.0
1989-05-29,0.0
1989-05-30,0.0
1989-05-31,12.18
1989-06-01,29.23
1989-06-02,7.56
1989-06-03,16.6
1989-06-04,28.05
1989-06-05,5.53
1989-06-06,19.62
1989-06-07,4.64
1989-06-08,8.45
1989-06-09,9.54
1989-06-10,13.79
1989-06-11,23.23
1989-06-12,8.23
1989-06-13,3.07
1989-06-14,4.32
1989-06-15,5.45
1989-06-16,8.32
1989-06-17,31.54
1989-06-18,9.83
1989-06-19,6.59
1989-06-20,4.67
1989-06-21,2.41
1989-06-22,10.99
1989-06-23,4.36
1989-06-24,2.76
1989-06-25,1.38
1989-06-26,1.42
1989-06-27,4.91
1989-06-28,4.21
1989-06-29,14.22
1989-06-30,38.31
1989-07-01,23.43
1989-07-02,4.26
1989-07-03,1.51
1989-07-04,3.38
1989-07-05,2.15
1989-07-06,0.39
1989-07-07,4.4
1989-07-08,4.0
1989-07-09,16.56
1989-07-10,5.48
1989-07-11,0.74
1989-07-12,3.5
1989-07-13,1.31
1989-07-14,4.52
1989-07-15,4.85
1989-07-16,9.52
1989-07-17,11.13
1989-07-18,18.17
1989-07-19,9.54
1989-07-20,5.78
1989-07-21,7.13
1989-07-22,30.27
1989-07-23,35.63
1989-07-24,135.93
1989-07-25,80.82
1989-07-26,28.95
1989-07-27,20.37
1989-07-28,11.06
1989-07-29,4.07
1989-07-30,1.31
1989-07-31,1.22
1989-08-01,0.33
1989-08-02,1.26
1989-08-03,3.29
1989-08-04,4.2
1989-08-05,2.11
1989-08-06,0.89
1989-08-07,1.22
1989-08-08,1.71
1989-08-09,7.22
1989-08-10,4.94
1989-08-11,1.42
1989-08-12,8.91
1989-08-13,25.59
1989-08-14,13.81
1989-08-15,5.24
1989-08-16,4.82
1989-08-17,6.25
1989-08-18,10.93
1989-08-19,20.49
1989-08-20,30.3
1989-08-21,23.24
1989-08-22,6.06
1989-08-23,4.03
1989-08-24,15.06
1989-08-25,20.43
1989-08-26,5.94
1989-08-27,2.54
1989-08-28,2.89
1989-08-29,6.99
1989-08-30,6.27
1989-08-31,3.16
1989-09-01,0.31
1989-09-02,0.11
1989-09-03,0.01
1989-09-04,0.0
1989-09-05,0.11
1989-09-06,1.8
1989-09-07,2.62
1989-09-08,10.79
1989-09-09,6.46
1989-09-10,1.66
1989-09-11,1.42
1989-09-12,1.41
1989-09-13,0.67
1989-09-14,0.87
1989-09-15,0.47
1989-09-16,0.76
1989-09-17,0.46
1989-09-18,12.11
1989-09-19,5.63
1989-09-20,6.58
1989-09-21,7.19
1989-09-22,3.55
1989-09-23,14.3
1989-09-24,22.63
1989-09-25,14.11
1989-09-26,30.76
1989-09-27,13.11
1989-09-28,17.09
1989-09-29,11.65
1989-09-30,18.02
1989-10-01,26.02
1989-10-02,12.67
1989-10-03,12.37
1989-10-04,2.58
1989-10-05,0.07
1989-10-06,0.09
1989-10-07,0.0
1989-10-08,0.0
1989-10-09,0.0
1989-10-10,0.04
1989-10-11,0.0
1989-10-12,0.0
1989-10-13,0.0
1989-10-14,0.0
1989-10-15,0.0
1989-10-16,0.0
1989-10-17,0.0
1989-10-18,0.0
1989-10-19,0.0
1989-10-20,0.0
1989-10-21,0.0
1989-10-22,0.0
1989-10-23,0.0
1989-10-24,0.0
1989-10-25,0.0
1989-10-26,0.0
1989-10-27,0.0
1989-10-28,0.0
1989-10-29,0.0
1989-10-30,0.37
1989-10-31,0.03
1989-11-01,0.0
1989-11-02,0.0
1989-11-03,0.0
1989-11-04,0.0
1989-11-05,0.0
1989-11-06,0.0
1989-11-07,0.0
1989-11-08,0.0
1989-11-09,0.0
1989-11-10,0.0
1989-11-11,0.0
1989-11-12,0.0
1989-11-13,0.0
1989-11-14,0.0
1989-11-15,0.03
1989-11-16,0.03
1989-11-17,0.03
1989-11-18,2.01
1989-11-19,0.0
1989-11-20,0.0
1989-11-21,0.0
1989-11-22,0.0
1989-11-23,0.0
1989-11-24,0.0
1989-11-25,0.0
1989-11-26,0.0
1989-11-27,0.0
1989-11-28,0.0
1989-11-29,0.0
1989-11-30,0.0
1989-12-01,0.0
1989-12-02,0.0
1989-12-03,0.0
1989-12-04,0.0
1989-12-05,0.0
1989-12-06,0.0
1989-12-07,0.0
1989-12-08,0.0
1989-12-09,0.0
1989-12-10,0.0
1989-12-11,0.0
1989-12-12,0.0
1989-12-13,0.0
1989-12-14,0.0
1989-12-15,0.0
1989-12-16,0.0
1989-12-17,0.0
1989-12-18,0.0
1989-12-19,0.0
1989-12-20,0.0
1989-12-21,0.0
1989-12-22,0.0
1989-12-23,0.0
1989-12-24,0.0
1989-12-25,0.0
1989-12-26,0.0
1989-12-27,0.0
1989-12-28,0.0
1989-12-29,0.05
1989-12-30,0.27
1989-12-31,1.01
1990-01-01,0.01
1990-01-02,0.01
1990-01-03,0.0
1990-01-04,0.0
1990-01-05,0.0
1990-01-06,0.0
1990-01-07,0.0
1990-01-08,0.0
1990-01-09,0.0
1990-01-10,0.0
1990-01-11,0.0
1990-01-12,0.0
1990-01-13,0.0
1990-01-14,0.0
1990-01-15,0.0
1990-01-16,0.0
1990-01-17,0.0
1990-01-18,0.0
1990-01-19,0.0
1990-01-20,0.0
1990-01-21,0.0
1990-01-22,0.0
1990-01-23,0.0
1990-01-24,0.0
1990-01-25,0.0
1990-01-26,0.0
1990-01-27,0.0
1990-01-28,0.0
1990-01-29,0.0
1990-01-30,0.0
1990-01-31,0.0
1990-02-01,0.0
1990-02-02,0.0
1990-02-03,0.0
1990-02-04,0.0
1990-02-05,0.0
1990-02-06,0.0
1990-02-07,0.0
1990-02-08,0.0
1990-02-09,0.0
1990-02-10,0.0
1990-02-11,0.0
1990-02-12,0.0
1990-02-13,0.0
1990-02-14,0.0
1990-02-15,0.0
1990-02-16,0.0
1990-02-17,0.0
1990-02-18,0.0
1990-02-19,0.0
1990-02-20,0.0
1990-02-21,0.0
1990-02-22,0.0
1990-02-23,0.0
1990-02-24,0.0
1990-02-25,0.0
1990-02-26,0.0
1990-02-27,0.0
1990-02-28,0.53
1990-03-01,0.06
1990-03-02,0.6
1990-03-03,0.0
1990-03-04,0.0
1990-03-05,0.0
1990-03-06,0.0
1990-03-07,0.0
1990-03-08,0.0
1990-03-09,0.0
1990-03-10,0.0
1990-03-11,0.0
1990-03-12,0.0
1990-03-13,0.0
1990-03-14,0.0
1990-03-15,0.0
1990-03-16,0.0
1990-03-17,0.0
1990-03-18,0.0
1990-03-19,0.0
1990-03-20,0.0
1990-03-21,0.0
1990-03-22,0.0
1990-03-23,0.0
1990-03-24,0.0
1990-03-25,0.0
1990-03-26,0.0
1990-03-27,0.0
1990-03-28,0.0
1990-03-29,0.0
1990-03-30,0.0
1990-03-31,0.0
1990-04-01,0.0
1990-04-02,0.0
1990-04-03,0.0
1990-04-04,0.0
1990-04-05,0.0
1990-04-06,0.0
1990-04-07,0.0
1990-04-08,0.0
1990-04-09,0.0
1990-04-10,0.0
1990-04-11,0.0
1990-04-12,0.0
1990-04-13,0.0
1990-04-14,0.0
1990-04-15,0.0
1990-04-16,0.0
1990-04-17,0.0
1990-04-18,0.0
1990-04-19,0.01
1990-04-20,0.0
1990-04-21,0.0
1990-04-22,0.0
1990-04-23,0.0
1990-04-24,0.0
1990-04-25,0.0
1990-04-26,0.0
1990-04-27,0.03
1990-04-28,0.02
1990-04-29,0.0
1990-04-30,0.01
1990-05-01,0.0
1990-05-02,0.0
1990-05-03,0.0
1990-05-04,0.0
1990-05-05,0.0
1990-05-06,0.48
1990-05-07,4.73
1990-05-08,0.7
1990-05-09,1.79
1990-05-10,0.8
1990-05-11,0.75
1990-05-12,0.25
1990-05-13,0.32
1990-05-14,0.14
1990-05-15,0.0
1990-05-16,0.0
1990-05-17,0.97
1990-05-18,0.04
1990-05-19,4.62
1990-05-20,1.51
1990-05-21,3.6
1990-05-22,4.63
1990-05-23,1.1
1990-05-24,0.08
1990-05-25,1.38
1990-05-26,0.42
1990-05-27,23.66
1990-05-28,6.17
1990-05-29,11.58
1990-05-30,18.08
1990-05-31,21.74
1990-06-01,27.35
1990-06-02,4.5
1990-06-03,3.02
1990-06-04,5.06
1990-06-05,13.98
1990-06-06,3.1
1990-06-07,0.46
1990-06-08,0.27
1990-06-09,17.39
1990-06-10,6.31
1990-06-11,67.25
1990-06-12,16.41
1990-06-13,17.29
1990-06-14,11.38
1990-06-15,1.11
1990-06-16,3.53
1990-06-17,19.11
1990-06-18,8.92
1990-06-19,3.91
1990-06-20,0.97
1990-06-21,0.48
1990-06-22,0.42
1990-06-23,1.28
1990-06-24,2.23
1990-06-25,8.42
1990-06-26,12.54
1990-06-27,18.83
1990-06-28,20.28
1990-06-29,26.53
1990-06-30,14.5
1990-07-01,10.17
1990-07-02,2.93
1990-07-03,10.2
1990-07-04,29.51
1990-07-05,8.46
1990-07-06,1.61
1990-07-07,0.56
1990-07-08,3.21
1990-07-09,10.73
1990-07-10,10.66
1990-07-11,5.49
1990-07-12,8.07
1990-07-13,7.58
1990-07-14,7.59
1990-07-15,9.7
1990-07-16,11.52
1990-07-17,49.3
1990-07-18,22.65
1990-07-19,7.34
1990-07-20,21.13
1990-07-21,32.85
1990-07-22,12.87
1990-07-23,2.99
1990-07-24,65.3
1990-07-25,49.12
1990-07-26,18.59
1990-07-27,2.72
1990-07-28,1.78
1990-07-29,2.83
1990-07-30,2.48
1990-07-31,1.87
1990-08-01,1.65
1990-08-02,1.71
1990-08-03,12.11
1990-08-04,12.81
1990-08-05,6.93
1990-08-06,5.85
1990-08-07,2.25
1990-08-08,3.15
1990-08-09,8.24
1990-08-10,17.14
1990-08-11,13.49
1990-08-12,12.11
1990-08-13,19.91
1990-08-14,31.42
1990-08-15,44.78
1990-08-16,35.31
1990-08-17,76.04
1990-08-18,32.95
1990-08-19,18.74
1990-08-20,9.07
1990-08-21,6.12
1990-08-22,7.21
1990-08-23,9.61
1990-08-24,25.98
1990-08-25,16.66
1990-08-26,9.43
1990-08-27,5.15
1990-08-28,5.25
1990-08-29,3.57
1990-08-30,3.52
1990-08-31,3.51
1990-09-01,1.98
1990-09-02,3.28
1990-09-03,4.18
1990-09-04,3.95
1990-09-05,15.28
1990-09-06,24.65
1990-09-07,10.96
1990-09-08,3.75
1990-09-09,1.99
1990-09-10,1.1
1990-09-11,1.32
1990-09-12,2.08
1990-09-13,0.89
1990-09-14,0.12
1990-09-15,1.25
1990-09-16,2.76
1990-09-17,0.78
1990-09-18,0.39
1990-09-19,0.61
1990-09-20,4.63
1990-09-21,3.54
1990-09-22,1.48
1990-09-23,0.45
1990-09-24,12.37
1990-09-25,13.0
1990-09-26,20.21
1990-09-27,7.06
1990-09-28,1.85
1990-09-29,4.18
1990-09-30,8.09
1990-10-01,1.41
1990-10-02,2.99
1990-10-03,1.23
1990-10-04,0.73
1990-10-05,1.89
1990-10-06,3.73
1990-10-07,2.48
1990-10-08,1.55
1990-10-09,32.32
1990-10-10,33.52
1990-10-11,30.71
1990-10-12,9.24
1990-10-13,4.37
1990-10-14,0.52
1990-10-15,0.0
1990-10-16,0.5
1990-10-17,0.0
1990-10-18,0.0
1990-10-19,0.0
1990-10-20,0.0
1990-10-21,0.0
1990-10-22,0.0
1990-10-23,0.0
1990-10-24,0.0
1990-10-25,1.66
1990-10-26,4.49
1990-10-27,17.03
1990-10-28,1.94
1990-10-29,1.51
1990-10-30,0.06
1990-10-31,1.24
1990-11-01,14.47
1990-11-02,0.02
1990-11-03,0.0
1990-11-04,0.0
1990-11-05,0.0
1990-11-06,0.0
1990-11-07,0.0
1990-11-08,0.0
1990-11-09,0.0
1990-11-10,0.0
1990-11-11,0.0
1990-11-12,0.0
1990-11-13,0.0
1990-11-14,0.0
1990-11-15,0.0
1990-11-16,0.0
1990-11-17,0.0
1990-11-18,0.0
1990-11-19,0.0
1990-11-20,0.0
1990-11-21,0.0
1990-11-22,0.0
1990-11-23,0.0
1990-11-24,0.0
1990-11-25,0.0
1990-11-26,0.0
1990-11-27,0.0
1990-11-28,0.0
1990-11-29,0.0
1990-11-30,0.0
1990-12-01,0.0
1990-12-02,0.0
1990-12-03,0.0
1990-12-04,0.0
1990-12-05,0.0
1990-12-06,0.0
1990-12-07,0.0
1990-12-08,0.0
1990-12-09,0.0
1990-12-10,0.0
1990-12-11,0.0
1990-12-12,0.0
1990-12-13,0.0
1990-12-14,0.0
1990-12-15,0.0
1990-12-16,0.0
1990-12-17,0.0
1990-12-18,0.0
1990-12-19,0.0
1990-12-20,0.0
1990-12-21,0.0
1990-12-22,0.0
1990-12-23,0.0
1990-12-24,0.0
1990-12-25,0.0
1990-12-26,0.0
1990-12-27,0.0
1990-12-28,0.0
1990-12-29,0.0
1990-12-30,0.0
1990-12-31,0.0
1991-01-01,0.0
1991-01-02,0.0
1991-01-03,0.0
1991-01-04,0.0
1991-01-05,0.0
1991-01-06,0.0
1991-01-07,0.0
1991-01-08,0.0
1991-01-09,0.0
1991-01-10,0.0
1991-01-11,0.0
1991-01-12,0.0
1991-01-13,0.0
1991-01-14,0.0
1991-01-15,0.0
1991-01-16,0.0
1991-01-17,0.0
1991-01-18,0.0
1991-01-19,0.0
1991-01-20,0.0
1991-01-21,0.0
1991-01-22,0.0
1991-01-23,0.0
1991-01-24,0.0
1991-01-25,0.0
1991-01-26,0.0
1991-01-27,0.0
1991-01-28,0.0
1991-01-29,0.0
1991-01-30,0.0
1991-01-31,0.0
1991-02-01,0.0
1991-02-02,0.0
1991-02-03,0.0
1991-02-04,0.0
1991-02-05,0.0
1991-02-06,0.0
1991-02-07,0.0
1991-02-08,0.0
1991-02-09,0.0
1991-02-10,0.0
1991-02-11,0.0
1991-02-12,0.0
1991-02-13,0.0
1991-02-14,0.0
1991-02-15,0.0
1991-02-16,0.0
1991-02-17,0.0
1991-02-18,0.0
1991-02-19,0.0
1991-02-20,0.0
1991-02-21,0.0
1991-02-22,0.0
1991-02-23,0.0
1991-02-24,0.0
1991-02-25,0.0
1991-02-26,0.0
1991-02-27,0.0
1991-02-28,0.0
1991-03-01,0.0
1991-03-02,0.0
1991-03-03,0.0
1991-03-04,0.0
1991-03-05,0.0
1991-03-06,0.0
1991-03-07,0.0
1991-03-08,0.0
1991-03-09,0.0
1991-03-10,0.0
1991-03-11,0.0
1991-03-12,0.0
1991-03-13,0.0
1991-03-14,0.0
1991-03-15,0.0
1991-03-16,0.0
1991-03-17,0.0
1991-03-18,0.0
1991-03-19,0.0
1991-03-20,0.0
1991-03-21,0.0
1991-03-22,0.0
1991-03-23,0.0
1991-03-24,0.0
1991-03-25,0.0
1991-03-26,0.0
1991-03-27,0.0
1991-03-28,0.0
1991-03-29,0.0
1991-03-30,0.0
1991-03-31,0.0
1991-04-01,0.0
1991-04-02,0.05
1991-04-03,0.01
1991-04-04,0.0
1991-04-05,0.0
1991-04-06,0.0
1991-04-07,0.08
1991-04-08,0.0
1991-04-09,0.0
1991-04-10,0.0
1991-04-11,0.0
1991-04-12,0.0
1991-04-13,0.0
1991-04-14,0.0
1991-04-15,0.0
1991-04-16,0.0
1991-04-17,0.0
1991-04-18,0.0
1991-04-19,0.0
1991-04-20,0.0
1991-04-21,0.0
1991-04-22,0.0
1991-04-23,0.0
1991-04-24,0.0
1991-04-25,0.01
1991-04-26,0.0
1991-04-27,0.0
1991-04-28,0.0
1991-04-29,0.0
1991-04-30,0.0
1991-05-01,0.0
1991-05-02,0.0
1991-05-03,0.0
1991-05-04,0.0
1991-05-05,0.0
1991-05-06,0.0
1991-05-07,0.0
1991-05-08,0.0
1991-05-09,0.0
1991-05-10,0.0
1991-05-11,0.0
1991-05-12,0.09
1991-05-13,0.0
1991-05-14,0.0
1991-05-15,0.0
1991-05-16,0.0
1991-05-17,0.0
1991-05-18,0.0
1991-05-19,0.0
1991-05-20,0.0
1991-05-21,0.0
1991-05-22,0.0
1991-05-23,0.0
1991-05-24,0.0
1991-05-25,0.0
1991-05-26,0.0
1991-05-27,2.25
1991-05-28,1.21
1991-05-29,0.04
1991-05-30,0.0
1991-05-31,0.02
1991-06-01,0.01
1991-06-02,0.08
1991-06-03,14.73
1991-06-04,17.63
1991-06-05,3.73
1991-06-06,26.05
1991-06-07,88.52
1991-06-08,121.5
1991-06-09,177.18
1991-06-10,126.15
1991-06-11,37.24
1991-06-12,4.62
1991-06-13,0.09
1991-06-14,0.05
1991-06-15,0.83
1991-06-16,0.72
1991-06-17,0.01
1991-06-18,0.37
1991-06-19,11.84
1991-06-20,12.21
1991-06-21,3.59
1991-06-22,0.64
1991-06-23,0.82
1991-06-24,2.52
1991-06-25,0.54
1991-06-26,0.61
1991-06-27,1.25
1991-06-28,0.56
1991-06-29,66.36
1991-06-30,44.49
1991-07-01,9.4
1991-07-02,8.75
1991-07-03,6.49
1991-07-04,8.77
1991-07-05,13.13
1991-07-06,13.28
1991-07-07,4.52
1991-07-08,6.39
1991-07-09,10.15
1991-07-10,4.5
1991-07-11,3.37
1991-07-12,4.67
1991-07-13,31.69
1991-07-14,24.11
1991-07-15,29.46
1991-07-16,20.32
1991-07-17,47.71
1991-07-18,42.92
1991-07-19,24.93
1991-07-20,8.62
1991-07-21,7.82
1991-07-22,6.32
1991-07-23,5.68
1991-07-24,7.03
1991-07-25,4.82
1991-07-26,12.78
1991-07-27,27.19
1991-07-28,55.56
1991-07-29,37.39
1991-07-30,3.87
1991-07-31,6.17
1991-08-01,4.13
1991-08-02,4.89
1991-08-03,4.57
1991-08-04,2.92
1991-08-05,2.99
1991-08-06,6.17
1991-08-07,8.88
1991-08-08,6.12
1991-08-09,5.18
1991-08-10,5.48
1991-08-11,3.84
1991-08-12,5.13
1991-08-13,9.02
1991-08-14,20.62
1991-08-15,10.33
1991-08-16,4.72
1991-08-17,9.26
1991-08-18,7.37
1991-08-19,5.97
1991-08-20,2.98
1991-08-21,5.91
1991-08-22,4.22
1991-08-23,3.44
1991-08-24,5.95
1991-08-25,4.46
1991-08-26,4.22
1991-08-27,2.02
1991-08-28,0.87
1991-08-29,1.64
1991-08-30,0.8
1991-08-31,1.45
1991-09-01,2.59
1991-09-02,3.54
1991-09-03,2.18
1991-09-04,1.38
1991-09-05,0.71
1991-09-06,0.59
1991-09-07,1.06
1991-09-08,0.91
1991-09-09,0.58
1991-09-10,0.39
1991-09-11,0.09
1991-09-12,0.01
1991-09-13,0.0
1991-09-14,0.09
1991-09-15,0.02
1991-09-16,0.21
1991-09-17,12.44
1991-09-18,3.44
1991-09-19,0.61
1991-09-20,0.5
1991-09-21,35.26
1991-09-22,28.15
1991-09-23,3.92
1991-09-24,0.13
1991-09-25,5.42
1991-09-26,0.51
1991-09-27,0.73
1991-09-28,8.36
1991-09-29,1.62
1991-09-30,11.57
1991-10-01,4.75
1991-10-02,1.35
1991-10-03,0.01
1991-10-04,0.23
1991-10-05,0.0
1991-10-06,0.0
1991-10-07,0.02
1991-10-08,0.0
1991-10-09,0.27
1991-10-10,0.0
1991-10-11,0.14
1991-10-12,0.0
1991-10-13,0.0
1991-10-14,0.0
1991-10-15,0.0
1991-10-16,0.0
1991-10-17,0.0
1991-10-18,0.0
1991-10-19,0.04
1991-10-20,0.02
1991-10-21,0.0
1991-10-22,0.0
1991-10-23,0.0
1991-10-24,0.0
1991-10-25,0.0
1991-10-26,0.0
1991-10-27,0.0
1991-10-28,0.0
1991-10-29,0.0
1991-10-30,0.0
1991-10-31,0.0
1991-11-01,0.0
1991-11-02,0.0
1991-11-03,0.0
1991-11-04,0.0
1991-11-05,0.0
1991-11-06,0.0
1991-11-07,0.0
1991-11-08,0.0
1991-11-09,0.0
1991-11-10,0.0
1991-11-11,0.0
1991-11-12,0.0
1991-11-13,0.0
1991-11-14,0.0
1991-11-15,0.0
1991-11-16,0.0
1991-11-17,0.0
1991-11-18,2.39
1991-11-19,0.79
1991-11-20,0.11
1991-11-21,0.76
1991-11-22,0.59
1991-11-23,2.08
1991-11-24,0.01
1991-11-25,0.0
1991-11-26,0.0
1991-11-27,0.0
1991-11-28,0.0
1991-11-29,0.0
1991-11-30,0.0
1991-12-01,0.0
1991-12-02,0.0
1991-12-03,0.0
1991-12-04,0.0
1991-12-05,0.0
1991-12-06,0.0
1991-12-07,0.0
1991-12-08,0.0
1991-12-09,0.0
1991-12-10,0.0
1991-12-11,0.0
1991-12-12,0.0
1991-12-13,0.0
1991-12-14,0.0
1991-12-15,0.0
1991-12-16,0.0
1991-12-17,0.0
1991-12-18,0.0
1991-12-19,0.0
1991-12-20,0.0
1991-12-21,0.0
1991-12-22,0.0
1991-12-23,0.0
1991-12-24,0.0
1991-12-25,1.42
1991-12-26,0.0
1991-12-27,0.05
1991-12-28,0.0
1991-12-29,0.0
1991-12-30,0.0
1991-12-31,0.0
1992-01-01,0.0
1992-01-02,0.0
1992-01-03,0.0
1992-01-04,0.0
1992-01-05,0.0
1992-01-06,0.0
1992-01-07,0.0
1992-01-08,0.0
1992-01-09,0.0
1992-01-10,0.0
1992-01-11,0.0
1992-01-12,0.0
1992-01-13,0.0
1992-01-14,0.0
1992-01-15,0.0
1992-01-16,0.0
1992-01-17,0.0
1992-01-18,0.0
1992-01-19,0.0
1992-01-20,0.0
1992-01-21,0.0
1992-01-22,0.0
1992-01-23,0.0
1992-01-24,0.0
1992-01-25,0.0
1992-01-26,0.0
1992-01-27,0.0
1992-01-28,0.0
1992-01-29,0.0
1992-01-30,0.0
1992-01-31,0.0
1992-02-01,0.0
1992-02-02,0.0
1992-02-03,0.0
1992-02-04,0.0
1992-02-05,0.0
1992-02-06,0.0
1992-02-07,0.0
1992-02-08,0.0
1992-02-09,0.0
1992-02-10,0.0
1992-02-11,0.0
1992-02-12,0.0
1992-02-13,0.0
1992-02-14,0.0
1992-02-15,0.0
1992-02-16,0.0
1992-02-17,0.0
1992-02-18,0.0
1992-02-19,0.0
1992-02-20,0.0
1992-02-21,0.0
1992-02-22,0.0
1992-02-23,0.0
1992-02-24,0.0
1992-02-25,0.0
1992-02-26,0.0
1992-02-27,0.0
1992-02-28,0.0
1992-02-29,0.0
1992-03-01,0.0
1992-03-02,0.0
1992-03-03,0.0
1992-03-04,0.0
1992-03-05,0.0
1992-03-06,0.0
1992-03-07,0.0
1992-03-08,0.0
1992-03-09,0.0
1992-03-10,0.0
1992-03-11,0.0
1992-03-12,0.0
1992-03-13,0.0
1992-03-14,0.0
1992-03-15,0.0
1992-03-16,0.0
1992-03-17,0.0
1992-03-18,0.0
1992-03-19,0.0
1992-03-20,0.0
1992-03-21,0.0
1992-03-22,0.0
1992-03-23,0.0
1992-03-24,0.0
1992-03-25,0.0
1992-03-26,0.0
1992-03-27,0.0
1992-03-28,0.0
1992-03-29,0.0
1992-03-30,0.0
1992-03-31,0.0
1992-04-01,0.0
1992-04-02,0.0
1992-04-03,0.0
1992-04-04,0.0
1992-04-05,0.0
1992-04-06,0.0
1992-04-07,0.0
1992-04-08,0.0
1992-04-09,0.0
1992-04-10,0.0
1992-04-11,0.02
1992-04-12,0.02
1992-04-13,0.0
1992-04-14,0.0
1992-04-15,0.0
1992-04-16,0.0
1992-04-17,0.0
1992-04-18,0.0
1992-04-19,0.03
1992-04-20,0.0
1992-04-21,0.0
1992-04-22,0.0
1992-04-23,0.09
1992-04-24,0.07
1992-04-25,0.05
1992-04-26,0.18
1992-04-27,0.95
1992-04-28,0.99
1992-04-29,0.02
1992-04-30,0.01
1992-05-01,0.0
1992-05-02,0.0
1992-05-03,0.0
1992-05-04,0.0
1992-05-05,0.0
1992-05-06,0.0
1992-05-07,0.0
1992-05-08,0.0
1992-05-09,0.0
1992-05-10,0.0
1992-05-11,0.0
1992-05-12,0.04
1992-05-13,0.1
1992-05-14,0.24
1992-05-15,0.17
1992-05-16,0.01
1992-05-17,0.03
1992-05-18,0.0
1992-05-19,0.0
1992-05-20,0.0
1992-05-21,0.0
1992-05-22,0.0
1992-05-23,0.0
1992-05-24,0.0
1992-05-25,0.0
1992-05-26,0.0
1992-05-27,0.0
1992-05-28,0.0
1992-05-29,0.0
1992-05-30,0.66
1992-05-31,0.01
1992-06-01,0.0
1992-06-02,0.0
1992-06-03,0.26
1992-06-04,0.77
1992-06-05,0.38
1992-06-06,0.1
1992-06-07,0.24
1992-06-08,0.16
1992-06-09,0.13
1992-06-10,0.47
1992-06-11,7.75
1992-06-12,4.01
1992-06-13,4.26
1992-06-14,0.28
1992-06-15,10.38
1992-06-16,5.57
1992-06-17,19.09
1992-06-18,10.54
1992-06-19,2.19
1992-06-20,37.19
1992-06-21,25.93
1992-06-22,9.61
1992-06-23,7.37
1992-06-24,13.43
1992-06-25,3.11
1992-06-26,0.58
1992-06-27,1.17
1992-06-28,2.19
1992-06-29,1.48
1992-06-30,1.12
1992-07-01,4.75
1992-07-02,3.95
1992-07-03,1.05
1992-07-04,0.14
1992-07-05,0.01
1992-07-06,0.0
1992-07-07,0.19
1992-07-08,1.65
1992-07-09,11.28
1992-07-10,4.83
1992-07-11,2.54
1992-07-12,15.48
1992-07-13,39.66
1992-07-14,8.62
1992-07-15,5.18
1992-07-16,6.04
1992-07-17,14.42
1992-07-18,21.72
1992-07-19,58.09
1992-07-20,25.28
1992-07-21,26.14
1992-07-22,10.72
1992-07-23,7.71
1992-07-24,8.72
1992-07-25,13.52
1992-07-26,6.4
1992-07-27,8.28
1992-07-28,9.09
1992-07-29,6.09
1992-07-30,4.72
1992-07-31,5.39
1992-08-01,4.24
1992-08-02,3.64
1992-08-03,8.78
1992-08-04,16.09
1992-08-05,16.47
1992-08-06,7.64
1992-08-07,1.25
1992-08-08,1.6
1992-08-09,1.39
1992-08-10,6.05
1992-08-11,10.77
1992-08-12,19.82
1992-08-13,49.88
1992-08-14,58.86
1992-08-15,31.33
1992-08-16,27.34
1992-08-17,47.84
1992-08-18,25.47
1992-08-19,21.01
1992-08-20,4.83
1992-08-21,4.55
1992-08-22,5.85
1992-08-23,1.26
1992-08-24,0.33
1992-08-25,0.2
1992-08-26,1.41
1992-08-27,3.44
1992-08-28,16.11
1992-08-29,5.99
1992-08-30,1.48
1992-08-31,3.94
1992-09-01,4.97
1992-09-02,35.91
1992-09-03,40.77
1992-09-04,19.44
1992-09-05,11.32
1992-09-06,8.6
1992-09-07,4.39
1992-09-08,5.51
1992-09-09,1.39
1992-09-10,0.51
1992-09-11,0.09
1992-09-12,0.23
1992-09-13,0.09
1992-09-14,0.34
1992-09-15,1.98
1992-09-16,0.67
1992-09-17,0.0
1992-09-18,1.96
1992-09-19,0.23
1992-09-20,0.01
1992-09-21,38.85
1992-09-22,1.02
1992-09-23,0.0
1992-09-24,0.0
1992-09-25,0.0
1992-09-26,0.0
1992-09-27,0.0
1992-09-28,0.31
1992-09-29,28.8
1992-09-30,48.31
1992-10-01,4.84
1992-10-02,4.87
1992-10-03,3.49
1992-10-04,4.77
1992-10-05,1.66
1992-10-06,0.27
1992-10-07,1.34
1992-10-08,0.02
1992-10-09,0.04
1992-10-10,2.92
1992-10-11,20.36
1992-10-12,4.55
1992-10-13,0.23
1992-10-14,0.01
1992-10-15,0.0
1992-10-16,0.0
1992-10-17,0.0
1992-10-18,0.49
1992-10-19,0.46
1992-10-20,0.63
1992-10-21,0.05
1992-10-22,0.02
1992-10-23,2.94
1992-10-24,0.73
1992-10-25,0.0
1992-10-26,0.02
1992-10-27,0.02
1992-10-28,0.0
1992-10-29,0.0
1992-10-30,0.01
1992-10-31,0.0
1992-11-01,0.0
1992-11-02,0.0
1992-11-03,0.0
1992-11-04,0.0
1992-11-05,0.0
1992-11-06,0.0
1992-11-07,0.0
1992-11-08,0.0
1992-11-09,0.0
1992-11-10,0.0
1992-11-11,0.0
1992-11-12,0.0
1992-11-13,0.0
1992-11-14,0.0
1992-11-15,0.0
1992-11-16,0.0
1992-11-17,0.19
1992-11-18,0.92
1992-11-19,0.67
1992-11-20,0.14
1992-11-21,1.15
1992-11-22,0.23
1992-11-23,0.03
1992-11-24,0.03
1992-11-25,0.01
1992-11-26,0.0
1992-11-27,0.0
1992-11-28,0.4
1992-11-29,0.0
1992-11-30,0.0
1992-12-01,0.0
1992-12-02,0.0
1992-12-03,0.0
1992-12-04,0.0
1992-12-05,0.0
1992-12-06,0.0
1992-12-07,0.0
1992-12-08,0.0
1992-12-09,0.0
1992-12-10,0.0
1992-12-11,0.0
1992-12-12,0.0
1992-12-13,0.0
1992-12-14,0.0
1992-12-15,0.0
1992-12-16,0.0
1992-12-17,0.0
1992-12-18,0.0
1992-12-19,0.0
1992-12-20,0.0
1992-12-21,0.0
1992-12-22,0.0
1992-12-23,0.0
1992-12-24,0.0
1992-12-25,0.0
1992-12-26,0.0
1992-12-27,0.0
1992-12-28,0.0
1992-12-29,0.0
1992-12-30,0.0
1992-12-31,0.0
1993-01-01,0.0
1993-01-02,0.0
1993-01-03,0.0
1993-01-04,0.0
1993-01-05,0.0
1993-01-06,0.0
1993-01-07,0.0
1993-01-08,0.0
1993-01-09,0.0
1993-01-10,0.0
1993-01-11,0.0
1993-01-12,0.0
1993-01-13,0.0
1993-01-14,0.0
1993-01-15,0.0
1993-01-16,3.71
1993-01-17,0.0
1993-01-18,0.0
1993-01-19,0.0
1993-01-20,0.0
1993-01-21,0.0
1993-01-22,0.0
1993-01-23,0.0
1993-01-24,0.0
1993-01-25,0.0
1993-01-26,0.0
1993-01-27,0.0
1993-01-28,0.0
1993-01-29,0.0
1993-01-30,0.0
1993-01-31,0.0
1993-02-01,0.0
1993-02-02,0.0
1993-02-03,0.0
1993-02-04,0.0
1993-02-05,0.0
1993-02-06,0.0
1993-02-07,0.0
1993-02-08,0.0
1993-02-09,0.0
1993-02-10,0.0
1993-02-11,0.0
1993-02-12,0.0
1993-02-13,0.0
1993-02-14,0.0
1993-02-15,0.0
1993-02-16,0.0
1993-02-17,0.0
1993-02-18,0.0
1993-02-19,0.0
1993-02-20,0.0
1993-02-21,0.0
1993-02-22,0.0
1993-02-23,0.0
1993-02-24,0.0
1993-02-25,0.0
1993-02-26,0.0
1993-02-27,0.13
1993-02-28,0.08
1993-03-01,0.02
1993-03-02,0.0
1993-03-03,0.0
1993-03-04,0.29
1993-03-05,0.26
1993-03-06,0.04
1993-03-07,0.0
1993-03-08,0.0
1993-03-09,0.49
1993-03-10,1.01
1993-03-11,0.37
1993-03-12,0.01
1993-03-13,0.0
1993-03-14,0.0
1993-03-15,0.0
1993-03-16,0.0
1993-03-17,0.0
1993-03-18,0.0
1993-03-19,0.0
1993-03-20,0.0
1993-03-21,0.0
1993-03-22,0.0
1993-03-23,0.0
1993-03-24,0.0
1993-03-25,0.0
1993-03-26,0.0
1993-03-27,0.0
1993-03-28,0.0
1993-03-29,0.0
1993-03-30,0.0
1993-03-31,0.0
1993-04-01,0.0
1993-04-02,0.0
1993-04-03,0.0
1993-04-04,0.0
1993-04-05,0.0
1993-04-06,0.0
1993-04-07,0.0
1993-04-08,0.0
1993-04-09,0.0
1993-04-10,0.0
1993-04-11,0.0
1993-04-12,0.0
1993-04-13,0.0
1993-04-14,0.0
1993-04-15,0.0
1993-04-16,0.14
1993-04-17,0.03
1993-04-18,0.0
1993-04-19,0.0
1993-04-20,0.01
1993-04-21,0.0
1993-04-22,0.0
1993-04-23,0.0
1993-04-24,0.09
1993-04-25,0.58
1993-04-26,0.19
1993-04-27,0.01
1993-04-28,0.0
1993-04-29,0.0
1993-04-30,0.0
1993-05-01,0.0
1993-05-02,0.0
1993-05-03,0.0
1993-05-04,0.0
1993-05-05,0.0
1993-05-06,0.02
1993-05-07,0.14
1993-05-08,0.07
1993-05-09,0.0
1993-05-10,0.0
1993-05-11,0.0
1993-05-12,0.0
1993-05-13,0.0
1993-05-14,0.0
1993-05-15,0.0
1993-05-16,0.02
1993-05-17,0.02
1993-05-18,0.0
1993-05-19,0.0
1993-05-20,0.0
1993-05-21,0.0
1993-05-22,0.22
1993-05-23,2.17
1993-05-24,0.47
1993-05-25,0.01
1993-05-26,0.43
1993-05-27,0.42
1993-05-28,0.51
1993-05-29,0.25
1993-05-30,0.0
1993-05-31,0.0
1993-06-01,0.0
1993-06-02,0.0
1993-06-03,0.0
1993-06-04,0.0
1993-06-05,0.06
1993-06-06,0.02
1993-06-07,7.82
1993-06-08,6.65
1993-06-09,9.93
1993-06-10,17.46
1993-06-11,7.81
1993-06-12,0.74
1993-06-13,7.46
1993-06-14,14.6
1993-06-15,23.26
1993-06-16,15.7
1993-06-17,12.4
1993-06-18,27.97
1993-06-19,61.39
1993-06-20,12.75
1993-06-21,0.27
1993-06-22,0.06
1993-06-23,0.58
1993-06-24,0.2
1993-06-25,7.35
1993-06-26,24.25
1993-06-27,5.32
1993-06-28,1.88
1993-06-29,0.6
1993-06-30,0.04
1993-07-01,0.16
1993-07-02,5.42
1993-07-03,24.08
1993-07-04,59.28
1993-07-05,20.4
1993-07-06,4.83
1993-07-07,3.01
1993-07-08,2.36
1993-07-09,3.74
1993-07-10,30.23
1993-07-11,23.89
1993-07-12,16.79
1993-07-13,2.68
1993-07-14,34.53
1993-07-15,17.83
1993-07-16,31.7
1993-07-17,27.5
1993-07-18,16.06
1993-07-19,9.97
1993-07-20,5.69
1993-07-21,1.27
1993-07-22,1.8
1993-07-23,2.95
1993-07-24,8.34
1993-07-25,8.41
1993-07-26,16.04
1993-07-27,9.86
1993-07-28,11.08
1993-07-29,8.52
1993-07-30,21.83
1993-07-31,35.35
1993-08-01,5.21
1993-08-02,9.79
1993-08-03,19.54
1993-08-04,6.36
1993-08-05,6.56
1993-08-06,2.48
1993-08-07,1.84
1993-08-08,2.06
1993-08-09,2.57
1993-08-10,2.93
1993-08-11,5.14
1993-08-12,15.75
1993-08-13,7.71
1993-08-14,2.76
1993-08-15,4.59
1993-08-16,12.1
1993-08-17,16.48
1993-08-18,4.84
1993-08-19,1.14
1993-08-20,12.93
1993-08-21,18.58
1993-08-22,6.88
1993-08-23,1.14
1993-08-24,0.79
1993-08-25,2.61
1993-08-26,7.31
1993-08-27,4.73
1993-08-28,0.59
1993-08-29,1.84
1993-08-30,0.56
1993-08-31,2.34
1993-09-01,9.84
1993-09-02,23.15
1993-09-03,19.71
1993-09-04,14.25
1993-09-05,5.58
1993-09-06,3.78
1993-09-07,7.24
1993-09-08,2.24
1993-09-09,3.22
1993-09-10,2.54
1993-09-11,3.75
1993-09-12,1.56
1993-09-13,6.93
1993-09-14,6.73
1993-09-15,1.05
1993-09-16,9.91
1993-09-17,5.47
1993-09-18,4.13
1993-09-19,0.38
1993-09-20,0.42
1993-09-21,0.18
1993-09-22,1.17
1993-09-23,2.02
1993-09-24,5.88
1993-09-25,16.23
1993-09-26,20.58
1993-09-27,23.16
1993-09-28,6.2
1993-09-29,0.31
1993-09-30,0.01
1993-10-01,0.08
1993-10-02,0.06
1993-10-03,4.33
1993-10-04,4.89
1993-10-05,1.1
1993-10-06,0.16
1993-10-07,0.0
1993-10-08,0.0
1993-10-09,0.97
1993-10-10,1.45
1993-10-11,3.95
1993-10-12,10.54
1993-10-13,1.57
1993-10-14,42.61
1993-10-15,3.42
1993-10-16,32.55
1993-10-17,15.93
1993-10-18,25.83
1993-10-19,11.06
1993-10-20,13.39
1993-10-21,15.5
1993-10-22,0.72
1993-10-23,14.18
1993-10-24,7.23
1993-10-25,17.09
1993-10-26,13.52
1993-10-27,0.0
1993-10-28,0.0
1993-10-29,0.0
1993-10-30,0.0
1993-10-31,0.0
1993-11-01,0.0
1993-11-02,0.0
1993-11-03,0.0
1993-11-04,0.0
1993-11-05,0.0
1993-11-06,0.0
1993-11-07,0.0
1993-11-08,0.0
1993-11-09,0.0
1993-11-10,0.0
1993-11-11,0.0
1993-11-12,0.0
1993-11-13,0.06
1993-11-14,0.04
1993-11-15,0.0
1993-11-16,0.75
1993-11-17,1.2
1993-11-18,0.18
1993-11-19,0.0
1993-11-20,0.01
1993-11-21,0.48
1993-11-22,0.35
1993-11-23,0.0
1993-11-24,0.0
1993-11-25,0.0
1993-11-26,0.0
1993-11-27,0.0
1993-11-28,0.0
1993-11-29,0.0
1993-11-30,0.0
1993-12-01,0.0
1993-12-02,0.0
1993-12-03,0.0
1993-12-04,0.0
1993-12-05,0.07
1993-12-06,12.89
1993-12-07,14.02
1993-12-08,0.46
1993-12-09,0.0
1993-12-10,0.0
1993-12-11,0.0
1993-12-12,0.0
1993-12-13,0.0
1993-12-14,0.0
1993-12-15,0.0
1993-12-16,0.0
1993-12-17,0.0
1993-12-18,0.0
1993-12-19,0.0
1993-12-20,0.0
1993-12-21,0.0
1993-12-22,0.0
1993-12-23,0.0
1993-12-24,0.0
1993-12-25,0.0
1993-12-26,0.0
1993-12-27,0.0
1993-12-28,0.0
1993-12-29,0.0
1993-12-30,0.0
1993-12-31,0.0
1994-01-01,0.0
1994-01-02,0.0
1994-01-03,0.0
1994-01-04,0.0
1994-01-05,0.0
1994-01-06,0.0
1994-01-07,0.0
1994-01-08,0.0
1994-01-09,0.0
1994-01-10,0.0
1994-01-11,0.03
1994-01-12,4.17
1994-01-13,0.32
1994-01-14,0.05
1994-01-15,0.0
1994-01-16,0.0
1994-01-17,0.0
1994-01-18,0.0
1994-01-19,0.0
1994-01-20,0.01
1994-01-21,0.67
1994-01-22,0.0
1994-01-23,0.0
1994-01-24,0.0
1994-01-25,0.0
1994-01-26,0.0
1994-01-27,0.0
1994-01-28,0.0
1994-01-29,0.0
1994-01-30,0.0
1994-01-31,0.0
1994-02-01,0.0
1994-02-02,0.0
1994-02-03,0.0
1994-02-04,0.0
1994-02-05,0.0
1994-02-06,0.0
1994-02-07,0.0
1994-02-08,0.0
1994-02-09,0.0
1994-02-10,0.0
1994-02-11,0.0
1994-02-12,0.0
1994-02-13,0.0
1994-02-14,0.0
1994-02-15,0.0
1994-02-16,0.0
1994-02-17,0.0
1994-02-18,0.0
1994-02-19,0.0
1994-02-20,0.0
1994-02-21,0.0
1994-02-22,0.0
1994-02-23,0.0
1994-02-24,0.0
1994-02-25,0.0
1994-02-26,0.0
1994-02-27,0.0
1994-02-28,0.0
1994-03-01,0.0
1994-03-02,0.0
1994-03-03,0.0
1994-03-04,0.0
1994-03-05,0.0
1994-03-06,0.0
1994-03-07,0.0
1994-03-08,0.0
1994-03-09,0.0
1994-03-10,0.0
1994-03-11,0.0
1994-03-12,0.0
1994-03-13,0.0
1994-03-14,0.0
1994-03-15,0.0
1994-03-16,0.0
1994-03-17,0.0
1994-03-18,0.0
1994-03-19,0.0
1994-03-20,0.0
1994-03-21,0.0
1994-03-22,0.0
1994-03-23,0.0
1994-03-24,0.0
1994-03-25,0.0
1994-03-26,0.0
1994-03-27,0.0
1994-03-28,0.0
1994-03-29,0.0
1994-03-30,0.0
1994-03-31,0.0
1994-04-01,0.0
1994-04-02,0.0
1994-04-03,0.0
1994-04-04,0.0
1994-04-05,0.05
1994-04-06,0.31
1994-04-07,0.34
1994-04-08,0.84
1994-04-09,5.07
1994-04-10,4.32
1994-04-11,0.84
1994-04-12,0.99
1994-04-13,0.08
1994-04-14,0.0
1994-04-15,0.37
1994-04-16,0.37
1994-04-17,0.07
1994-04-18,0.0
1994-04-19,0.0
1994-04-20,0.0
1994-04-21,0.0
1994-04-22,0.0
1994-04-23,0.0
1994-04-24,0.0
1994-04-25,0.0
1994-04-26,0.0
1994-04-27,0.0
1994-04-28,0.0
1994-04-29,0.01
1994-04-30,0.0
1994-05-01,0.04
1994-05-02,17.31
1994-05-03,0.0
1994-05-04,0.0
1994-05-05,0.0
1994-05-06,0.0
1994-05-07,0.0
1994-05-08,0.0
1994-05-09,0.0
1994-05-10,0.0
1994-05-11,0.0
1994-05-12,0.0
1994-05-13,0.0
1994-05-14,0.0
1994-05-15,0.0
1994-05-16,0.0
1994-05-17,0.0
1994-05-18,0.0
1994-05-19,0.0
1994-05-20,0.0
1994-05-21,0.0
1994-05-22,0.0
1994-05-23,0.0
1994-05-24,0.0
1994-05-25,0.0
1994-05-26,0.0
1994-05-27,10.62
1994-05-28,6.48
1994-05-29,5.68
1994-05-30,0.58
1994-05-31,0.27
1994-06-01,1.69
1994-06-02,0.96
1994-06-03,1.43
1994-06-04,2.49
1994-06-05,17.74
1994-06-06,37.7
1994-06-07,7.08
1994-06-08,0.12
1994-06-09,0.27
1994-06-10,32.29
1994-06-11,11.52
1994-06-12,21.23
1994-06-13,33.95
1994-06-14,26.26
1994-06-15,24.78
1994-06-16,78.59
1994-06-17,50.91
1994-06-18,11.79
1994-06-19,7.73
1994-06-20,6.74
1994-06-21,1.52
1994-06-22,0.8
1994-06-23,1.19
1994-06-24,1.0
1994-06-25,0.87
1994-06-26,1.43
1994-06-27,3.49
1994-06-28,19.59
1994-06-29,67.81
1994-06-30,22.04
1994-07-01,12.12
1994-07-02,11.94
1994-07-03,7.45
1994-07-04,22.43
1994-07-05,21.1
1994-07-06,20.24
1994-07-07,7.14
1994-07-08,4.68
1994-07-09,4.82
1994-07-10,11.32
1994-07-11,10.6
1994-07-12,48.39
1994-07-13,66.59
1994-07-14,87.76
1994-07-15,38.92
1994-07-16,24.87
1994-07-17,19.23
1994-07-18,9.94
1994-07-19,8.19
1994-07-20,33.55
1994-07-21,27.76
1994-07-22,23.83
1994-07-23,19.77
1994-07-24,21.51
1994-07-25,17.62
1994-07-26,11.72
1994-07-27,4.5
1994-07-28,3.57
1994-07-29,7.46
1994-07-30,5.26
1994-07-31,2.71
1994-08-01,2.89
1994-08-02,2.37
1994-08-03,0.93
1994-08-04,0.99
1994-08-05,0.48
1994-08-06,0.06
1994-08-07,0.04
1994-08-08,0.02
1994-08-09,0.04
1994-08-10,0.11
1994-08-11,1.82
1994-08-12,11.19
1994-08-13,13.94
1994-08-14,8.42
1994-08-15,2.69
1994-08-16,1.28
1994-08-17,4.32
1994-08-18,5.56
1994-08-19,7.02
1994-08-20,4.64
1994-08-21,4.45
1994-08-22,1.99
1994-08-23,23.22
1994-08-24,16.65
1994-08-25,8.84
1994-08-26,4.61
1994-08-27,26.81
1994-08-28,21.75
1994-08-29,7.02
1994-08-30,7.94
1994-08-31,32.61
1994-09-01,21.36
1994-09-02,39.35
1994-09-03,12.83
1994-09-04,7.3
1994-09-05,8.2
1994-09-06,15.76
1994-09-07,10.52
1994-09-08,6.21
1994-09-09,3.66
1994-09-10,5.61
1994-09-11,5.82
1994-09-12,2.08
1994-09-13,0.48
1994-09-14,0.15
1994-09-15,0.08
1994-09-16,2.4
1994-09-17,12.28
1994-09-18,4.36
1994-09-19,4.66
1994-09-20,0.93
1994-09-21,0.04
1994-09-22,0.0
1994-09-23,0.0
1994-09-24,0.0
1994-09-25,0.0
1994-09-26,0.0
1994-09-27,0.24
1994-09-28,0.19
1994-09-29,0.68
1994-09-30,0.03
1994-10-01,0.0
1994-10-02,0.16
1994-10-03,0.51
1994-10-04,6.58
1994-10-05,10.87
1994-10-06,0.59
1994-10-07,0.61
1994-10-08,0.07
1994-10-09,0.0
1994-10-10,0.02
1994-10-11,0.0
1994-10-12,4.37
1994-10-13,1.81
1994-10-14,11.63
1994-10-15,1.69
1994-10-16,0.49
1994-10-17,47.68
1994-10-18,4.79
1994-10-19,0.31
1994-10-20,1.23
1994-10-21,12.17
1994-10-22,4.68
1994-10-23,7.99
1994-10-24,0.16
1994-10-25,1.13
1994-10-26,2.61
1994-10-27,0.07
1994-10-28,0.04
1994-10-29,0.13
1994-10-30,2.18
1994-10-31,0.29
1994-11-01,0.0
1994-11-02,0.0
1994-11-03,0.0
1994-11-04,0.0
1994-11-05,0.3
1994-11-06,0.05
1994-11-07,0.0
1994-11-08,0.0
1994-11-09,0.0
1994-11-10,0.04
1994-11-11,0.09
1994-11-12,0.0
1994-11-13,1.23
1994-11-14,0.22
1994-11-15,6.19
1994-11-16,0.28
1994-11-17,0.02
1994-11-18,0.03
1994-11-19,0.0
1994-11-20,0.0
1994-11-21,0.0
1994-11-22,0.0
1994-11-23,0.0
1994-11-24,0.0
1994-11-25,0.0
1994-11-26,0.0
1994-11-27,0.0
1994-11-28,0.0
1994-11-29,0.0
1994-11-30,0.0
1994-12-01,0.0
1994-12-02,0.0
1994-12-03,0.0
1994-12-04,0.0
1994-12-05,0.0
1994-12-06,0.0
1994-12-07,0.0
1994-12-08,0.0
1994-12-09,0.0
1994-12-10,0.0
1994-12-11,0.0
1994-12-12,0.0
1994-12-13,0.0
1994-12-14,0.0
1994-12-15,0.0
1994-12-16,0.0
1994-12-17,0.0
1994-12-18,0.0
1994-12-19,0.0
1994-12-20,0.0
1994-12-21,0.0
1994-12-22,0.0
1994-12-23,0.0
1994-12-24,0.0
1994-12-25,0.0
1994-12-26,0.0
1994-12-27,0.0
1994-12-28,0.0
1994-12-29,0.0
1994-12-30,0.0
1994-12-31,0.0
1995-01-01,0.0
1995-01-02,0.0
1995-01-03,0.0
1995-01-04,0.0
1995-01-05,0.0
1995-01-06,0.03
1995-01-07,1.61
1995-01-08,12.48
1995-01-09,0.0
1995-01-10,0.0
1995-01-11,0.0
1995-01-12,0.0
1995-01-13,0.0
1995-01-14,0.0
1995-01-15,0.0
1995-01-16,0.66
1995-01-17,1.01
1995-01-18,0.0
1995-01-19,0.0
1995-01-20,0.0
1995-01-21,0.0
1995-01-22,0.0
1995-01-23,0.0
1995-01-24,0.0
1995-01-25,0.0
1995-01-26,0.0
1995-01-27,0.0
1995-01-28,0.0
1995-01-29,0.0
1995-01-30,0.0
1995-01-31,0.0
1995-02-01,0.0
1995-02-02,0.0
1995-02-03,0.12
1995-02-04,0.28
1995-02-05,0.0
1995-02-06,0.0
1995-02-07,0.0
1995-02-08,0.0
1995-02-09,0.0
1995-02-10,0.0
1995-02-11,0.0
1995-02-12,0.0
1995-02-13,0.0
1995-02-14,0.0
1995-02-15,0.0
1995-02-16,0.0
1995-02-17,0.0
1995-02-18,0.0
1995-02-19,0.0
1995-02-20,0.0
1995-02-21,0.0
1995-02-22,0.0
1995-02-23,0.0
1995-02-24,0.0
1995-02-25,0.0
1995-02-26,0.0
1995-02-27,0.0
1995-02-28,0.0
1995-03-01,0.0
1995-03-02,0.0
1995-03-03,0.0
1995-03-04,0.0
1995-03-05,0.0
1995-03-06,0.0
1995-03-07,0.0
1995-03-08,0.0
1995-03-09,0.0
1995-03-10,0.0
1995-03-11,0.0
1995-03-12,0.0
1995-03-13,0.0
1995-03-14,0.62
1995-03-15,0.34
1995-03-16,0.01
1995-03-17,0.0
1995-03-18,0.0
1995-03-19,0.01
1995-03-20,0.01
1995-03-21,0.0
1995-03-22,0.0
1995-03-23,0.0
1995-03-24,0.04
1995-03-25,0.14
1995-03-26,0.0
1995-03-27,0.02
1995-03-28,0.0
1995-03-29,0.0
1995-03-30,0.0
1995-03-31,0.0
1995-04-01,0.0
1995-04-02,0.0
1995-04-03,0.0
1995-04-04,0.09
1995-04-05,0.01
1995-04-06,0.0
1995-04-07,0.0
1995-04-08,0.0
1995-04-09,0.0
1995-04-10,0.0
1995-04-11,0.0
1995-04-12,0.0
1995-04-13,0.0
1995-04-14,0.0
1995-04-15,0.0
1995-04-16,0.0
1995-04-17,0.0
1995-04-18,0.04
1995-04-19,0.01
1995-04-20,4.11
1995-04-21,3.06
1995-04-22,0.54
1995-04-23,0.0
1995-04-24,0.0
1995-04-25,0.0
1995-04-26,0.0
1995-04-27,0.0
1995-04-28,0.02
1995-04-29,0.17
1995-04-30,9.88
1995-05-01,5.15
1995-05-02,0.67
1995-05-03,0.06
1995-05-04,2.08
1995-05-05,0.64
1995-05-06,0.0
1995-05-07,0.1
1995-05-08,0.1
1995-05-09,1.83
1995-05-10,0.88
1995-05-11,1.15
1995-05-12,0.12
1995-05-13,0.25
1995-05-14,0.04
1995-05-15,0.1
1995-05-16,0.0
1995-05-17,0.0
1995-05-18,0.0
1995-05-19,0.0
1995-05-20,0.0
1995-05-21,0.0
1995-05-22,0.0
1995-05-23,0.0
1995-05-24,0.0
1995-05-25,0.0
1995-05-26,8.7
1995-05-27,1.5
1995-05-28,0.03
1995-05-29,0.39
1995-05-30,0.09
1995-05-31,0.17
1995-06-01,0.03
1995-06-02,0.0
1995-06-03,0.0
1995-06-04,0.0
1995-06-05,0.0
1995-06-06,0.0
1995-06-07,0.0
1995-06-08,0.0
1995-06-09,0.0
1995-06-10,0.0
1995-06-11,0.0
1995-06-12,0.44
1995-06-13,0.09
1995-06-14,8.78
1995-06-15,11.81
1995-06-16,3.32
1995-06-17,5.05
1995-06-18,5.07
1995-06-19,1.07
1995-06-20,0.78
1995-06-21,2.91
1995-06-22,10.65
1995-06-23,2.46
1995-06-24,3.39
1995-06-25,1.28
1995-06-26,3.84
1995-06-27,4.61
1995-06-28,0.5
1995-06-29,44.35
1995-06-30,10.69
1995-07-01,0.71
1995-07-02,0.69
1995-07-03,1.68
1995-07-04,1.01
1995-07-05,2.31
1995-07-06,0.48
1995-07-07,0.44
1995-07-08,6.89
1995-07-09,5.74
1995-07-10,3.76
1995-07-11,10.85
1995-07-12,11.54
1995-07-13,39.15
1995-07-14,16.38
1995-07-15,13.75
1995-07-16,14.56
1995-07-17,20.2
1995-07-18,19.62
1995-07-19,42.5
1995-07-20,51.14
1995-07-21,49.39
1995-07-22,19.03
1995-07-23,17.98
1995-07-24,7.97
1995-07-25,5.25
1995-07-26,19.73
1995-07-27,13.87
1995-07-28,2.59
1995-07-29,3.79
1995-07-30,7.89
1995-07-31,11.51
1995-08-01,2.48
1995-08-02,3.67
1995-08-03,7.26
1995-08-04,10.1
1995-08-05,3.85
1995-08-06,1.53
1995-08-07,2.19
1995-08-08,0.74
1995-08-09,0.87
1995-08-10,1.41
1995-08-11,0.78
1995-08-12,3.98
1995-08-13,1.42
1995-08-14,0.65
1995-08-15,2.43
1995-08-16,1.55
1995-08-17,0.86
1995-08-18,1.81
1995-08-19,0.63
1995-08-20,0.57
1995-08-21,1.06
1995-08-22,0.91
1995-08-23,0.33
1995-08-24,0.23
1995-08-25,0.77
1995-08-26,1.37
1995-08-27,3.97
1995-08-28,7.17
1995-08-29,7.83
1995-08-30,11.1
1995-08-31,32.54
1995-09-01,35.32
1995-09-02,32.88
1995-09-03,90.81
1995-09-04,15.87
1995-09-05,2.45
1995-09-06,4.54
1995-09-07,12.74
1995-09-08,2.07
1995-09-09,0.77
1995-09-10,0.13
1995-09-11,1.45
1995-09-12,6.28
1995-09-13,33.4
1995-09-14,39.77
1995-09-15,14.11
1995-09-16,0.65
1995-09-17,0.37
1995-09-18,2.92
1995-09-19,0.47
1995-09-20,0.05
1995-09-21,0.01
1995-09-22,0.07
1995-09-23,3.95
1995-09-24,2.84
1995-09-25,0.63
1995-09-26,0.44
1995-09-27,1.28
1995-09-28,17.77
1995-09-29,1.73
1995-09-30,1.86
1995-10-01,7.6
1995-10-02,4.28
1995-10-03,1.56
1995-10-04,4.69
1995-10-05,15.4
1995-10-06,0.7
1995-10-07,4.05
1995-10-08,3.88
1995-10-09,0.15
1995-10-10,9.18
1995-10-11,7.89
1995-10-12,12.71
1995-10-13,3.14
1995-10-14,0.51
1995-10-15,5.53
1995-10-16,1.2
1995-10-17,1.11
1995-10-18,2.84
1995-10-19,7.6
1995-10-20,0.49
1995-10-21,0.0
1995-10-22,0.0
1995-10-23,0.99
1995-10-24,3.66
1995-10-25,0.2
1995-10-26,0.02
1995-10-27,0.0
1995-10-28,0.0
1995-10-29,0.0
1995-10-30,0.0
1995-10-31,0.0
1995-11-01,0.0
1995-11-02,0.0
1995-11-03,0.0
1995-11-04,0.0
1995-11-05,0.0
1995-11-06,0.0
1995-11-07,0.0
1995-11-08,0.0
1995-11-09,0.0
1995-11-10,0.0
1995-11-11,0.0
1995-11-12,0.0
1995-11-13,0.0
1995-11-14,0.0
1995-11-15,0.0
1995-11-16,0.0
1995-11-17,0.0
1995-11-18,0.0
1995-11-19,0.0
1995-11-20,0.01
1995-11-21,0.0
1995-11-22,0.27
1995-11-23,0.64
1995-11-24,0.61
1995-11-25,0.02
1995-11-26,0.0
1995-11-27,0.1
1995-11-28,0.01
1995-11-29,0.0
1995-11-30,0.0
1995-12-01,0.0
1995-12-02,0.0
1995-12-03,0.0
1995-12-04,0.0
1995-12-05,0.0
1995-12-06,0.0
1995-12-07,0.0
1995-12-08,0.0
1995-12-09,0.0
1995-12-10,0.0
1995-12-11,0.0
1995-12-12,0.0
1995-12-13,0.0
1995-12-14,0.0
1995-12-15,0.0
1995-12-16,0.0
1995-12-17,0.0
1995-12-18,0.0
1995-12-19,0.0
1995-12-20,0.0
1995-12-21,0.0
1995-12-22,0.0
1995-12-23,0.0
1995-12-24,0.0
1995-12-25,0.0
1995-12-26,0.0
1995-12-27,0.0
1995-12-28,0.0
1995-12-29,0.0
1995-12-30,0.0
1995-12-31,0.0
1996-01-01,0.0
1996-01-02,0.0
1996-01-03,0.01
1996-01-04,0.0
1996-01-05,0.0
1996-01-06,0.0
1996-01-07,0.0
1996-01-08,0.0
1996-01-09,0.0
1996-01-10,0.0
1996-01-11,0.0
1996-01-12,0.0
1996-01-13,0.0
1996-01-14,0.0
1996-01-15,0.0
1996-01-16,0.52
1996-01-17,0.0
1996-01-18,0.0
1996-01-19,0.0
1996-01-20,0.0
1996-01-21,0.0
1996-01-22,0.0
1996-01-23,0.0
1996-01-24,0.0
1996-01-25,0.0
1996-01-26,0.0
1996-01-27,0.0
1996-01-28,0.0
1996-01-29,0.0
1996-01-30,0.0
1996-01-31,0.0
1996-02-01,6.07
1996-02-02,0.0
1996-02-03,0.0
1996-02-04,0.0
1996-02-05,0.0
1996-02-06,0.0
1996-02-07,0.0
1996-02-08,0.0
1996-02-09,0.18
1996-02-10,0.02
1996-02-11,0.0
1996-02-12,0.0
1996-02-13,0.0
1996-02-14,0.01
1996-02-15,0.0
1996-02-16,0.0
1996-02-17,0.0
1996-02-18,0.0
1996-02-19,0.0
1996-02-20,0.0
1996-02-21,0.0
1996-02-22,0.0
1996-02-23,0.0
1996-02-24,0.0
1996-02-25,0.0
1996-02-26,0.0
1996-02-27,0.0
1996-02-28,0.0
1996-02-29,0.0
1996-03-01,0.0
1996-03-02,0.0
1996-03-03,0.0
1996-03-04,0.0
1996-03-05,0.0
1996-03-06,0.0
1996-03-07,0.0
1996-03-08,0.0
1996-03-09,0.0
1996-03-10,0.0
1996-03-11,0.0
1996-03-12,0.0
1996-03-13,0.0
1996-03-14,0.0
1996-03-15,0.0
1996-03-16,0.0
1996-03-17,0.0
1996-03-18,0.0
1996-03-19,0.0
1996-03-20,0.0
1996-03-21,0.0
1996-03-22,0.0
1996-03-23,0.0
1996-03-24,0.0
1996-03-25,0.0
1996-03-26,0.0
1996-03-27,0.0
1996-03-28,0.0
1996-03-29,0.0
1996-03-30,0.0
1996-03-31,0.0
1996-04-01,0.0
1996-04-02,0.0
1996-04-03,0.0
1996-04-04,0.0
1996-04-05,0.0
1996-04-06,0.0
1996-04-07,0.0
1996-04-08,0.0
1996-04-09,0.04
1996-04-10,0.02
1996-04-11,0.0
1996-04-12,0.0
1996-04-13,1.08
1996-04-14,1.37
1996-04-15,0.0
1996-04-16,0.27
1996-04-17,0.25
1996-04-18,0.0
1996-04-19,0.0
1996-04-20,0.0
1996-04-21,0.0
1996-04-22,0.0
1996-04-23,0.0
1996-04-24,0.0
1996-04-25,0.0
1996-04-26,0.0
1996-04-27,0.0
1996-04-28,0.0
1996-04-29,0.0
1996-04-30,0.0
1996-05-01,0.0
1996-05-02,0.0
1996-05-03,0.0
1996-05-04,0.0
1996-05-05,0.0
1996-05-06,0.0
1996-05-07,0.0
1996-05-08,0.0
1996-05-09,0.0
1996-05-10,0.0
1996-05-11,0.0
1996-05-12,0.0
1996-05-13,0.0
1996-05-14,0.0
1996-05-15,0.0
1996-05-16,0.0
1996-05-17,0.0
1996-05-18,0.0
1996-05-19,0.0
1996-05-20,0.0
1996-05-21,0.0
1996-05-22,0.0
1996-05-23,0.02
1996-05-24,2.91
1996-05-25,0.94
1996-05-26,0.0
1996-05-27,0.03
1996-05-28,0.06
1996-05-29,0.0
1996-05-30,0.0
1996-05-31,0.0
1996-06-01,0.05
1996-06-02,0.06
1996-06-03,0.13
1996-06-04,0.0
1996-06-05,0.68
1996-06-06,0.63
1996-06-07,6.27
1996-06-08,7.38
1996-06-09,5.66
1996-06-10,8.22
1996-06-11,3.37
1996-06-12,3.01
1996-06-13,67.63
1996-06-14,24.27
1996-06-15,48.92
1996-06-16,20.08
1996-06-17,6.08
1996-06-18,19.21
1996-06-19,51.43
1996-06-20,21.11
1996-06-21,4.33
1996-06-22,1.19
1996-06-23,0.52
1996-06-24,3.79
1996-06-25,3.01
1996-06-26,0.36
1996-06-27,0.0
1996-06-28,0.0
1996-06-29,1.24
1996-06-30,1.42
1996-07-01,1.51
1996-07-02,1.6
1996-07-03,3.81
1996-07-04,13.52
1996-07-05,5.75
1996-07-06,0.44
1996-07-07,1.22
1996-07-08,4.34
1996-07-09,45.0
1996-07-10,7.63
1996-07-11,9.02
1996-07-12,16.4
1996-07-13,13.31
1996-07-14,7.76
1996-07-15,11.14
1996-07-16,9.16
1996-07-17,9.64
1996-07-18,12.0
1996-07-19,17.18
1996-07-20,21.24
1996-07-21,11.07
1996-07-22,49.39
1996-07-23,76.86
1996-07-24,39.51
1996-07-25,11.22
1996-07-26,5.01
1996-07-27,6.28
1996-07-28,21.75
1996-07-29,47.59
1996-07-30,29.36
1996-07-31,13.0
1996-08-01,13.93
1996-08-02,15.21
1996-08-03,10.61
1996-08-04,4.54
1996-08-05,3.4
1996-08-06,3.42
1996-08-07,4.2
1996-08-08,5.13
1996-08-09,6.63
1996-08-10,4.56
1996-08-11,5.98
1996-08-12,4.59
1996-08-13,2.8
1996-08-14,3.09
1996-08-15,5.62
1996-08-16,2.3
1996-08-17,5.5
1996-08-18,5.6
1996-08-19,3.12
1996-08-20,3.64
1996-08-21,7.34
1996-08-22,3.03
1996-08-23,1.08
1996-08-24,2.33
1996-08-25,9.63
1996-08-26,11.61
1996-08-27,17.31
1996-08-28,5.77
1996-08-29,3.62
1996-08-30,27.85
1996-08-31,10.43
1996-09-01,1.17
1996-09-02,0.05
1996-09-03,4.54
1996-09-04,1.42
1996-09-05,1.0
1996-09-06,16.78
1996-09-07,4.88
1996-09-08,11.34
1996-09-09,8.31
1996-09-10,3.68
1996-09-11,1.75
1996-09-12,4.72
1996-09-13,5.58
1996-09-14,15.61
1996-09-15,4.88
1996-09-16,3.27
1996-09-17,1.84
1996-09-18,3.78
1996-09-19,11.36
1996-09-20,3.29
1996-09-21,4.6
1996-09-22,4.05
1996-09-23,17.15
1996-09-24,9.13
1996-09-25,9.86
1996-09-26,3.77
1996-09-27,5.5
1996-09-28,25.57
1996-09-29,5.16
1996-09-30,0.08
1996-10-01,0.31
1996-10-02,10.42
1996-10-03,84.18
1996-10-04,51.09
1996-10-05,6.33
1996-10-06,1.7
1996-10-07,0.38
1996-10-08,0.0
1996-10-09,0.0
1996-10-10,0.0
1996-10-11,0.0
1996-10-12,0.0
1996-10-13,0.0
1996-10-14,0.0
1996-10-15,0.0
1996-10-16,0.0
1996-10-17,0.0
1996-10-18,0.0
1996-10-19,0.46
1996-10-20,3.12
1996-10-21,10.16
1996-10-22,15.24
1996-10-23,7.75
1996-10-24,3.08
1996-10-25,2.08
1996-10-26,2.04
1996-10-27,2.38
1996-10-28,1.51
1996-10-29,0.95
1996-10-30,0.02
1996-10-31,0.0
1996-11-01,0.0
1996-11-02,0.0
1996-11-03,0.0
1996-11-04,0.0
1996-11-05,0.0
1996-11-06,0.0
1996-11-07,0.0
1996-11-08,0.44
1996-11-09,3.51
1996-11-10,0.09
1996-11-11,0.01
1996-11-12,0.01
1996-11-13,0.0
1996-11-14,0.0
1996-11-15,0.0
1996-11-16,0.0
1996-11-17,0.0
1996-11-18,0.0
1996-11-19,0.0
1996-11-20,0.0
1996-11-21,0.0
1996-11-22,0.0
1996-11-23,0.0
1996-11-24,0.0
1996-11-25,0.0
1996-11-26,0.0
1996-11-27,0.0
1996-11-28,0.0
1996-11-29,0.0
1996-11-30,0.0
1996-12-01,0.0
1996-12-02,0.0
1996-12-03,0.0
1996-12-04,0.0
1996-12-05,0.0
1996-12-06,0.0
1996-12-07,0.0
1996-12-08,0.0
1996-12-09,0.0
1996-12-10,0.0
1996-12-11,0.0
1996-12-12,0.0
1996-12-13,0.0
1996-12-14,0.0
1996-12-15,0.0
1996-12-16,0.0
1996-12-17,0.0
1996-12-18,0.02
1996-12-19,0.0
1996-12-20,0.0
1996-12-21,0.0
1996-12-22,0.0
1996-12-23,0.0
1996-12-24,0.0
1996-12-25,0.0
1996-12-26,0.0
1996-12-27,0.0
1996-12-28,0.0
1996-12-29,0.0
1996-12-30,0.0
1996-12-31,0.0
1997-01-01,0.0
1997-01-02,0.0
1997-01-03,0.0
1997-01-04,0.0
1997-01-05,0.0
1997-01-06,0.0
1997-01-07,0.0
1997-01-08,0.0
1997-01-09,0.0
1997-01-10,0.0
1997-01-11,0.0
1997-01-12,0.0
1997-01-13,0.0
1997-01-14,0.14
1997-01-15,0.32
1997-01-16,0.0
1997-01-17,0.0
1997-01-18,0.0
1997-01-19,0.0
1997-01-20,1.75
1997-01-21,0.16
1997-01-22,0.0
1997-01-23,0.0
1997-01-24,0.0
1997-01-25,0.0
1997-01-26,0.0
1997-01-27,0.0
1997-01-28,0.0
1997-01-29,0.0
1997-01-30,0.0
1997-01-31,0.0
1997-02-01,0.0
1997-02-02,0.0
1997-02-03,0.0
1997-02-04,0.0
1997-02-05,0.0
1997-02-06,0.0
1997-02-07,0.0
1997-02-08,0.0
1997-02-09,0.0
1997-02-10,0.0
1997-02-11,0.0
1997-02-12,0.0
1997-02-13,0.0
1997-02-14,0.0
1997-02-15,0.0
1997-02-16,0.0
1997-02-17,0.0
1997-02-18,0.0
1997-02-19,0.0
1997-02-20,0.0
1997-02-21,0.0
1997-02-22,0.0
1997-02-23,0.0
1997-02-24,0.0
1997-02-25,0.0
1997-02-26,0.0
1997-02-27,0.0
1997-02-28,0.0
1997-03-01,0.0
1997-03-02,0.0
1997-03-03,0.0
1997-03-04,0.0
1997-03-05,0.0
1997-03-06,0.0
1997-03-07,0.0
1997-03-08,0.0
1997-03-09,0.0
1997-03-10,0.0
1997-03-11,0.0
1997-03-12,0.0
1997-03-13,0.0
1997-03-14,0.0
1997-03-15,0.0
1997-03-16,0.0
1997-03-17,0.0
1997-03-18,0.0
1997-03-19,0.0
1997-03-20,0.01
1997-03-21,0.0
1997-03-22,0.0
1997-03-23,0.0
1997-03-24,0.0
1997-03-25,0.0
1997-03-26,0.0
1997-03-27,0.0
1997-03-28,0.68
1997-03-29,0.14
1997-03-30,0.0
1997-03-31,0.05
1997-04-01,0.09
1997-04-02,0.03
1997-04-03,0.02
1997-04-04,0.01
1997-04-05,0.01
1997-04-06,0.0
1997-04-07,0.0
1997-04-08,0.0
1997-04-09,0.0
1997-04-10,0.0
1997-04-11,0.0
1997-04-12,0.01
1997-04-13,0.06
1997-04-14,0.0
1997-04-15,0.0
1997-04-16,0.0
1997-04-17,0.0
1997-04-18,0.0
1997-04-19,0.0
1997-04-20,0.0
1997-04-21,0.0
1997-04-22,0.02
1997-04-23,0.0
1997-04-24,0.0
1997-04-25,0.0
1997-04-26,0.0
1997-04-27,0.05
1997-04-28,2.85
1997-04-29,0.11
1997-04-30,1.4
1997-05-01,3.06
1997-05-02,0.06
1997-05-03,0.0
1997-05-04,0.0
1997-05-05,0.0
1997-05-06,0.02
1997-05-07,0.0
1997-05-08,0.0
1997-05-09,0.01
1997-05-10,0.01
1997-05-11,0.0
1997-05-12,0.0
1997-05-13,0.0
1997-05-14,0.0
1997-05-15,0.0
1997-05-16,0.0
1997-05-17,0.0
1997-05-18,0.0
1997-05-19,0.0
1997-05-20,0.0
1997-05-21,0.0
1997-05-22,0.0
1997-05-23,0.0
1997-05-24,0.0
1997-05-25,0.0
1997-05-26,0.0
1997-05-27,0.0
1997-05-28,0.0
1997-05-29,0.0
1997-05-30,0.0
1997-05-31,0.0
1997-06-01,0.0
1997-06-02,22.68
1997-06-03,4.67
1997-06-04,0.82
1997-06-05,1.61
1997-06-06,1.94
1997-06-07,1.0
1997-06-08,0.49
1997-06-09,0.03
1997-06-10,4.88
1997-06-11,1.31
1997-06-12,59.33
1997-06-13,24.81
1997-06-14,7.7
1997-06-15,35.34
1997-06-16,6.65
1997-06-17,20.12
1997-06-18,14.6
1997-06-19,26.93
1997-06-20,19.57
1997-06-21,28.66
1997-06-22,13.64
1997-06-23,9.36
1997-06-24,38.51
1997-06-25,13.58
1997-06-26,3.47
1997-06-27,1.11
1997-06-28,2.47
1997-06-29,15.02
1997-06-30,5.53
1997-07-01,7.67
1997-07-02,6.66
1997-07-03,10.24
1997-07-04,9.46
1997-07-05,15.97
1997-07-06,23.13
1997-07-07,35.37
1997-07-08,25.41
1997-07-09,17.13
1997-07-10,5.59
1997-07-11,1.8
1997-07-12,0.71
1997-07-13,1.14
1997-07-14,0.54
1997-07-15,0.21
1997-07-16,0.97
1997-07-17,0.87
1997-07-18,2.51
1997-07-19,0.92
1997-07-20,0.77
1997-07-21,0.53
1997-07-22,0.13
1997-07-23,0.1
1997-07-24,0.18
1997-07-25,1.66
1997-07-26,6.58
1997-07-27,36.68
1997-07-28,35.52
1997-07-29,19.1
1997-07-30,18.46
1997-07-31,63.67
1997-08-01,36.13
1997-08-02,9.37
1997-08-03,5.89
1997-08-04,4.07
1997-08-05,10.71
1997-08-06,9.4
1997-08-07,14.89
1997-08-08,9.85
1997-08-09,4.09
1997-08-10,2.08
1997-08-11,1.2
1997-08-12,3.63
1997-08-13,11.35
1997-08-14,8.33
1997-08-15,5.38
1997-08-16,2.35
1997-08-17,2.33
1997-08-18,2.74
1997-08-19,2.26
1997-08-20,2.2
1997-08-21,7.55
1997-08-22,11.86
1997-08-23,109.36
1997-08-24,103.6
1997-08-25,32.72
1997-08-26,24.22
1997-08-27,11.0
1997-08-28,2.2
1997-08-29,0.45
1997-08-30,2.63
1997-08-31,2.52
1997-09-01,0.73
1997-09-02,1.52
1997-09-03,6.83
1997-09-04,3.36
1997-09-05,1.24
1997-09-06,0.13
1997-09-07,0.0
1997-09-08,1.15
1997-09-09,3.08
1997-09-10,0.46
1997-09-11,1.94
1997-09-12,1.26
1997-09-13,0.26
1997-09-14,0.53
1997-09-15,2.79
1997-09-16,0.11
1997-09-17,0.01
1997-09-18,0.01
1997-09-19,0.02
1997-09-20,0.01
1997-09-21,1.99
1997-09-22,1.35
1997-09-23,21.61
1997-09-24,4.65
1997-09-25,2.55
1997-09-26,14.5
1997-09-27,6.22
1997-09-28,0.44
1997-09-29,0.0
1997-09-30,0.58
1997-10-01,0.3
1997-10-02,0.01
1997-10-03,0.0
1997-10-04,0.0
1997-10-05,0.03
1997-10-06,0.06
1997-10-07,0.01
1997-10-08,0.06
1997-10-09,0.0
1997-10-10,0.0
1997-10-11,0.0
1997-10-12,0.0
1997-10-13,0.09
1997-10-14,0.63
1997-10-15,0.0
1997-10-16,0.0
1997-10-17,5.25
1997-10-18,0.52
1997-10-19,0.11
1997-10-20,0.14
1997-10-21,0.1
1997-10-22,0.88
1997-10-23,0.03
1997-10-24,0.01
1997-10-25,0.09
1997-10-26,6.93
1997-10-27,1.91
1997-10-28,4.19
1997-10-29,1.04
1997-10-30,0.17
1997-10-31,1.52
1997-11-01,0.47
1997-11-02,0.77
1997-11-03,0.01
1997-11-04,0.0
1997-11-05,0.0
1997-11-06,0.0
1997-11-07,0.0
1997-11-08,0.0
1997-11-09,0.02
1997-11-10,5.54
1997-11-11,21.11
1997-11-12,33.44
1997-11-13,8.54
1997-11-14,0.27
1997-11-15,11.75
1997-11-16,0.43
1997-11-17,0.03
1997-11-18,2.53
1997-11-19,0.12
1997-11-20,0.01
1997-11-21,0.95
1997-11-22,0.57
1997-11-23,0.03
1997-11-24,0.15
1997-11-25,0.11
1997-11-26,0.0
1997-11-27,25.5
1997-11-28,10.53
1997-11-29,1.21
1997-11-30,2.48
1997-12-01,0.14
1997-12-02,15.84
1997-12-03,0.63
1997-12-04,0.0
1997-12-05,0.0
1997-12-06,0.0
1997-12-07,25.05
1997-12-08,11.29
1997-12-09,0.97
1997-12-10,0.0
1997-12-11,0.0
1997-12-12,0.0
1997-12-13,0.0
1997-12-14,0.0
1997-12-15,0.0
1997-12-16,0.56
1997-12-17,0.02
1997-12-18,0.0
1997-12-19,0.0
1997-12-20,0.0
1997-12-21,0.0
1997-12-22,0.0
1997-12-23,0.0
1997-12-24,0.0
1997-12-25,0.0
1997-12-26,0.0
1997-12-27,0.0
1997-12-28,0.0
1997-12-29,0.0
1997-12-30,0.0
1997-12-31,0.0
1998-01-01,0.0
1998-01-02,0.0
1998-01-03,0.0
1998-01-04,0.0
1998-01-05,0.0
1998-01-06,0.0
1998-01-07,0.0
1998-01-08,0.0
1998-01-09,0.0
1998-01-10,0.0
1998-01-11,0.0
1998-01-12,0.0
1998-01-13,0.0
1998-01-14,0.0
1998-01-15,0.0
1998-01-16,0.0
1998-01-17,0.0
1998-01-18,0.0
1998-01-19,0.0
1998-01-20,0.0
1998-01-21,0.0
1998-01-22,0.0
1998-01-23,0.0
1998-01-24,0.0
1998-01-25,0.0
1998-01-26,0.0
1998-01-27,0.0
1998-01-28,0.0
1998-01-29,0.0
1998-01-30,0.0
1998-01-31,0.0
1998-02-01,0.0
1998-02-02,0.0
1998-02-03,0.0
1998-02-04,0.0
1998-02-05,0.0
1998-02-06,0.0
1998-02-07,0.0
1998-02-08,0.0
1998-02-09,0.0
1998-02-10,0.0
1998-02-11,0.0
1998-02-12,0.0
1998-02-13,0.0
1998-02-14,0.0
1998-02-15,0.0
1998-02-16,0.0
1998-02-17,0.0
1998-02-18,0.0
1998-02-19,0.0
1998-02-20,0.0
1998-02-21,0.0
1998-02-22,0.0
1998-02-23,0.1
1998-02-24,0.0
1998-02-25,0.0
1998-02-26,0.0
1998-02-27,0.0
1998-02-28,0.0
1998-03-01,0.0
1998-03-02,0.0
1998-03-03,0.0
1998-03-04,0.09
1998-03-05,0.02
1998-03-06,0.0
1998-03-07,0.0
1998-03-08,0.0
1998-03-09,0.0
1998-03-10,0.0
1998-03-11,0.0
1998-03-12,0.0
1998-03-13,0.0
1998-03-14,0.0
1998-03-15,0.0
1998-03-16,0.0
1998-03-17,0.03
1998-03-18,0.0
1998-03-19,0.0
1998-03-20,0.0
1998-03-21,0.0
1998-03-22,0.0
1998-03-23,0.0
1998-03-24,0.0
1998-03-25,0.0
1998-03-26,0.0
1998-03-27,0.0
1998-03-28,0.0
1998-03-29,0.0
1998-03-30,0.0
1998-03-31,0.0
1998-04-01,0.0
1998-04-02,0.0
1998-04-03,0.0
1998-04-04,0.0
1998-04-05,0.0
1998-04-06,0.0
1998-04-07,0.0
1998-04-08,0.0
1998-04-09,0.0
1998-04-10,0.0
1998-04-11,0.0
1998-04-12,0.0
1998-04-13,0.0
1998-04-14,0.0
1998-04-15,0.0
1998-04-16,0.0
1998-04-17,0.0
1998-04-18,0.0
1998-04-19,0.0
1998-04-20,0.0
1998-04-21,0.0
1998-04-22,0.0
1998-04-23,0.0
1998-04-24,0.0
1998-04-25,0.0
1998-04-26,0.0
1998-04-27,0.0
1998-04-28,0.05
1998-04-29,0.01
1998-04-30,0.01
1998-05-01,0.0
1998-05-02,0.25
1998-05-03,0.38
1998-05-04,0.17
1998-05-05,0.0
1998-05-06,0.01
1998-05-07,0.1
1998-05-08,0.03
1998-05-09,0.01
1998-05-10,0.0
1998-05-11,0.0
1998-05-12,0.0
1998-05-13,4.9
1998-05-14,1.69
1998-05-15,0.08
1998-05-16,0.11
1998-05-17,0.01
1998-05-18,0.0
1998-05-19,0.04
1998-05-20,0.06
1998-05-21,6.73
1998-05-22,0.95
1998-05-23,0.0
1998-05-24,0.0
1998-05-25,0.0
1998-05-26,0.0
1998-05-27,0.0
1998-05-28,0.0
1998-05-29,0.0
1998-05-30,0.0
1998-05-31,0.0
1998-06-01,0.0
1998-06-02,0.0
1998-06-03,0.0
1998-06-04,0.49
1998-06-05,30.07
1998-06-06,11.64
1998-06-07,0.17
1998-06-08,2.19
1998-06-09,5.46
1998-06-10,4.09
1998-06-11,1.22
1998-06-12,0.38
1998-06-13,0.03
1998-06-14,2.5
1998-06-15,22.44
1998-06-16,17.19
1998-06-17,1.12
1998-06-18,0.41
1998-06-19,2.28
1998-06-20,3.15
1998-06-21,10.07
1998-06-22,16.8
1998-06-23,2.74
1998-06-24,7.43
1998-06-25,2.49
1998-06-26,11.95
1998-06-27,15.92
1998-06-28,43.61
1998-06-29,21.42
1998-06-30,16.87
1998-07-01,41.49
1998-07-02,19.92
1998-07-03,15.83
1998-07-04,13.82
1998-07-05,8.82
1998-07-06,4.47
1998-07-07,44.45
1998-07-08,40.02
1998-07-09,12.43
1998-07-10,0.98
1998-07-11,0.34
1998-07-12,0.37
1998-07-13,0.88
1998-07-14,1.24
1998-07-15,1.34
1998-07-16,1.28
1998-07-17,3.27
1998-07-18,1.42
1998-07-19,16.8
1998-07-20,13.39
1998-07-21,3.72
1998-07-22,16.94
1998-07-23,4.25
1998-07-24,1.23
1998-07-25,4.46
1998-07-26,24.91
1998-07-27,90.83
1998-07-28,47.22
1998-07-29,15.78
1998-07-30,15.33
1998-07-31,5.16
1998-08-01,3.98
1998-08-02,4.19
1998-08-03,1.82
1998-08-04,4.34
1998-08-05,1.98
1998-08-06,3.5
1998-08-07,2.01
1998-08-08,5.74
1998-08-09,4.9
1998-08-10,16.92
1998-08-11,15.77
1998-08-12,12.44
1998-08-13,11.33
1998-08-14,5.28
1998-08-15,6.03
1998-08-16,2.82
1998-08-17,1.86
1998-08-18,0.28
1998-08-19,0.59
1998-08-20,6.01
1998-08-21,2.81
1998-08-22,19.12
1998-08-23,24.28
1998-08-24,29.02
1998-08-25,15.83
1998-08-26,38.38
1998-08-27,42.25
1998-08-28,28.06
1998-08-29,8.06
1998-08-30,2.59
1998-08-31,3.15
1998-09-01,1.71
1998-09-02,2.1
1998-09-03,0.81
1998-09-04,1.46
1998-09-05,13.2
1998-09-06,16.85
1998-09-07,27.18
1998-09-08,10.06
1998-09-09,5.6
1998-09-10,6.61
1998-09-11,22.51
1998-09-12,4.6
1998-09-13,1.45
1998-09-14,31.22
1998-09-15,17.13
1998-09-16,13.76
1998-09-17,29.64
1998-09-18,5.09
1998-09-19,8.53
1998-09-20,4.76
1998-09-21,4.49
1998-09-22,0.69
1998-09-23,0.34
1998-09-24,0.03
1998-09-25,0.07
1998-09-26,12.84
1998-09-27,10.07
1998-09-28,8.2
1998-09-29,10.13
1998-09-30,1.29
1998-10-01,1.56
1998-10-02,31.51
1998-10-03,19.11
1998-10-04,7.29
1998-10-05,4.45
1998-10-06,3.83
1998-10-07,8.11
1998-10-08,2.13
1998-10-09,19.43
1998-10-10,2.97
1998-10-11,22.17
1998-10-12,14.99
1998-10-13,11.37
1998-10-14,5.48
1998-10-15,2.56
1998-10-16,9.45
1998-10-17,4.92
1998-10-18,2.13
1998-10-19,0.65
1998-10-20,0.02
1998-10-21,0.0
1998-10-22,0.03
1998-10-23,13.7
1998-10-24,0.13
1998-10-25,0.02
1998-10-26,0.01
1998-10-27,0.08
1998-10-28,0.82
1998-10-29,0.13
1998-10-30,0.0
1998-10-31,2.43
1998-11-01,2.97
1998-11-02,0.04
1998-11-03,0.0
1998-11-04,3.48
1998-11-05,0.24
1998-11-06,0.0
1998-11-07,1.41
1998-11-08,13.66
1998-11-09,5.11
1998-11-10,1.83
1998-11-11,0.28
1998-11-12,0.0
1998-11-13,0.0
1998-11-14,0.0
1998-11-15,0.0
1998-11-16,0.0
1998-11-17,9.05
1998-11-18,2.24
1998-11-19,0.12
1998-11-20,0.0
1998-11-21,0.0
1998-11-22,0.0
1998-11-23,0.0
1998-11-24,0.0
1998-11-25,0.0
1998-11-26,0.0
1998-11-27,0.0
1998-11-28,0.0
1998-11-29,0.0
1998-11-30,0.0
1998-12-01,0.0
1998-12-02,0.0
1998-12-03,0.0
1998-12-04,0.0
1998-12-05,0.0
1998-12-06,0.0
1998-12-07,0.0
1998-12-08,0.0
1998-12-09,0.0
1998-12-10,0.0
1998-12-11,0.0
1998-12-12,0.0
1998-12-13,0.0
1998-12-14,0.02
1998-12-15,0.04
1998-12-16,0.0
1998-12-17,0.0
1998-12-18,0.0
1998-12-19,0.0
1998-12-20,0.0
1998-12-21,0.0
1998-12-22,0.0
1998-12-23,0.0
1998-12-24,0.0
1998-12-25,0.0
1998-12-26,0.0
1998-12-27,0.0
1998-12-28,0.0
1998-12-29,0.0
1998-12-30,0.0
1998-12-31,0.0
1999-01-01,0.0
1999-01-02,0.0
1999-01-03,0.0
1999-01-04,0.0
1999-01-05,0.0
1999-01-06,0.0
1999-01-07,0.0
1999-01-08,0.0
1999-01-09,0.0
1999-01-10,0.0
1999-01-11,0.0
1999-01-12,0.0
1999-01-13,0.0
1999-01-14,0.0
1999-01-15,0.0
1999-01-16,0.0
1999-01-17,0.0
1999-01-18,0.0
1999-01-19,0.0
1999-01-20,0.0
1999-01-21,0.0
1999-01-22,0.0
1999-01-23,0.0
1999-01-24,0.0
1999-01-25,0.0
1999-01-26,0.0
1999-01-27,0.0
1999-01-28,0.0
1999-01-29,0.0
1999-01-30,0.0
1999-01-31,0.0
1999-02-01,0.0
1999-02-02,0.0
1999-02-03,0.0
1999-02-04,0.0
1999-02-05,0.0
1999-02-06,0.0
1999-02-07,0.01
1999-02-08,1.52
1999-02-09,0.0
1999-02-10,0.0
1999-02-11,0.0
1999-02-12,0.0
1999-02-13,0.0
1999-02-14,0.0
1999-02-15,0.0
1999-02-16,0.15
1999-02-17,0.01
1999-02-18,0.0
1999-02-19,0.0
1999-02-20,0.0
1999-02-21,0.0
1999-02-22,0.0
1999-02-23,0.0
1999-02-24,0.0
1999-02-25,0.0
1999-02-26,0.0
1999-02-27,0.0
1999-02-28,0.0
1999-03-01,0.0
1999-03-02,0.0
1999-03-03,0.0
1999-03-04,0.0
1999-03-05,0.0
1999-03-06,0.0
1999-03-07,0.0
1999-03-08,0.0
1999-03-09,0.0
1999-03-10,0.0
1999-03-11,0.0
1999-03-12,0.0
1999-03-13,0.0
1999-03-14,0.0
1999-03-15,0.0
1999-03-16,0.0
1999-03-17,0.0
1999-03-18,0.0
1999-03-19,0.0
1999-03-20,0.0
1999-03-21,0.0
1999-03-22,0.0
1999-03-23,0.0
1999-03-24,0.0
1999-03-25,0.0
1999-03-26,0.0
1999-03-27,0.0
1999-03-28,0.0
1999-03-29,0.0
1999-03-30,0.0
1999-03-31,0.0
1999-04-01,0.0
1999-04-02,0.0
1999-04-03,0.0
1999-04-04,0.0
1999-04-05,0.0
1999-04-06,0.0
1999-04-07,0.0
1999-04-08,0.0
1999-04-09,0.0
1999-04-10,0.0
1999-04-11,0.0
1999-04-12,0.0
1999-04-13,0.0
1999-04-14,0.0
1999-04-15,0.0
1999-04-16,0.0
1999-04-17,0.0
1999-04-18,0.0
1999-04-19,0.0
1999-04-20,0.0
1999-04-21,0.0
1999-04-22,0.0
1999-04-23,0.0
1999-04-24,0.0
1999-04-25,0.0
1999-04-26,0.0
1999-04-27,0.0
1999-04-28,0.0
1999-04-29,0.0
1999-04-30,0.0
1999-05-01,0.0
1999-05-02,0.0
1999-05-03,0.0
1999-05-04,0.0
1999-05-05,0.02
1999-05-06,0.04
1999-05-07,0.01
1999-05-08,0.04
1999-05-09,0.0
1999-05-10,0.0
1999-05-11,0.0
1999-05-12,0.11
1999-05-13,0.24
1999-05-14,0.0
1999-05-15,0.54
1999-05-16,30.8
1999-05-17,2.74
1999-05-18,1.96
1999-05-19,1.04
1999-05-20,4.72
1999-05-21,9.57
1999-05-22,5.3
1999-05-23,2.07
1999-05-24,0.61
1999-05-25,0.48
1999-05-26,0.31
1999-05-27,0.04
1999-05-28,0.01
1999-05-29,0.0
1999-05-30,0.74
1999-05-31,0.78
1999-06-01,2.34
1999-06-02,9.54
1999-06-03,2.24
1999-06-04,0.16
1999-06-05,0.05
1999-06-06,0.0
1999-06-07,0.03
1999-06-08,0.46
1999-06-09,0.49
1999-06-10,2.21
1999-06-11,51.0
1999-06-12,21.17
1999-06-13,7.29
1999-06-14,4.6
1999-06-15,4.76
1999-06-16,10.48
1999-06-17,18.03
1999-06-18,10.6
1999-06-19,15.31
1999-06-20,8.99
1999-06-21,15.12
1999-06-22,40.62
1999-06-23,36.28
1999-06-24,19.35
1999-06-25,11.09
1999-06-26,3.9
1999-06-27,6.12
1999-06-28,23.02
1999-06-29,7.99
1999-06-30,1.79
1999-07-01,0.61
1999-07-02,1.05
1999-07-03,0.44
1999-07-04,0.48
1999-07-05,0.17
1999-07-06,7.04
1999-07-07,26.17
1999-07-08,25.98
1999-07-09,5.73
1999-07-10,7.29
1999-07-11,2.9
1999-07-12,4.48
1999-07-13,3.19
1999-07-14,17.73
1999-07-15,18.98
1999-07-16,39.44
1999-07-17,19.26
1999-07-18,15.89
1999-07-19,10.2
1999-07-20,19.2
1999-07-21,19.82
1999-07-22,10.06
1999-07-23,8.1
1999-07-24,2.83
1999-07-25,4.79
1999-07-26,6.86
1999-07-27,2.38
1999-07-28,3.08
1999-07-29,1.28
1999-07-30,3.81
1999-07-31,2.07
1999-08-01,1.65
1999-08-02,1.75
1999-08-03,3.24
1999-08-04,4.42
1999-08-05,9.93
1999-08-06,18.33
1999-08-07,7.61
1999-08-08,6.56
1999-08-09,4.35
1999-08-10,1.02
1999-08-11,0.44
1999-08-12,0.17
1999-08-13,1.38
1999-08-14,1.2
1999-08-15,0.63
1999-08-16,0.24
1999-08-17,0.09
1999-08-18,0.63
1999-08-19,0.83
1999-08-20,0.22
1999-08-21,1.05
1999-08-22,0.69
1999-08-23,1.29
1999-08-24,0.68
1999-08-25,0.91
1999-08-26,8.24
1999-08-27,5.84
1999-08-28,2.17
1999-08-29,0.66
1999-08-30,0.59
1999-08-31,0.45
1999-09-01,0.79
1999-09-02,2.78
1999-09-03,4.4
1999-09-04,8.21
1999-09-05,5.67
1999-09-06,2.79
1999-09-07,0.65
1999-09-08,6.44
1999-09-09,11.55
1999-09-10,16.49
1999-09-11,7.14
1999-09-12,11.98
1999-09-13,5.37
1999-09-14,1.82
1999-09-15,0.46
1999-09-16,2.43
1999-09-17,0.88
1999-09-18,0.21
1999-09-19,0.03
1999-09-20,0.0
1999-09-21,1.68
1999-09-22,1.16
1999-09-23,22.15
1999-09-24,3.46
1999-09-25,0.02
1999-09-26,6.82
1999-09-27,30.7
1999-09-28,26.18
1999-09-29,17.85
1999-09-30,13.21
1999-10-01,14.19
1999-10-02,23.17
1999-10-03,8.78
1999-10-04,0.84
1999-10-05,4.39
1999-10-06,3.62
1999-10-07,27.55
1999-10-08,10.33
1999-10-09,7.53
1999-10-10,8.74
1999-10-11,2.36
1999-10-12,2.27
1999-10-13,19.4
1999-10-14,27.72
1999-10-15,1.15
1999-10-16,0.14
1999-10-17,0.01
1999-10-18,0.0
1999-10-19,0.0
1999-10-20,0.0
1999-10-21,0.0
1999-10-22,0.0
1999-10-23,0.0
1999-10-24,0.0
1999-10-25,0.0
1999-10-26,10.26
1999-10-27,1.46
1999-10-28,0.01
1999-10-29,0.0
1999-10-30,0.0
1999-10-31,0.0
1999-11-01,0.0
1999-11-02,0.0
1999-11-03,0.0
1999-11-04,0.0
1999-11-05,0.0
1999-11-06,0.03
1999-11-07,0.0
1999-11-08,0.0
1999-11-09,0.0
1999-11-10,0.0
1999-11-11,0.0
1999-11-12,0.0
1999-11-13,0.0
1999-11-14,0.0
1999-11-15,0.0
1999-11-16,0.0
1999-11-17,0.0
1999-11-18,0.0
1999-11-19,0.0
1999-11-20,0.0
1999-11-21,0.0
1999-11-22,0.0
1999-11-23,0.0
1999-11-24,0.0
1999-11-25,0.0
1999-11-26,0.0
1999-11-27,0.0
1999-11-28,0.0
1999-11-29,0.0
1999-11-30,0.0
1999-12-01,0.0
1999-12-02,0.0
1999-12-03,0.0
1999-12-04,0.0
1999-12-05,0.0
1999-12-06,0.0
1999-12-07,0.0
1999-12-08,0.0
1999-12-09,0.0
1999-12-10,0.0
1999-12-11,0.0
1999-12-12,0.0
1999-12-13,0.0
1999-12-14,0.0
1999-12-15,0.0
1999-12-16,0.0
1999-12-17,0.0
1999-12-18,0.0
1999-12-19,0.0
1999-12-20,0.0
1999-12-21,0.0
1999-12-22,0.0
1999-12-23,0.0
1999-12-24,0.0
1999-12-25,0.0
1999-12-26,0.0
1999-12-27,0.0
1999-12-28,0.0
1999-12-29,0.0
1999-12-30,0.0
1999-12-31,0.0
2000-01-01,0.0
2000-01-02,0.0
2000-01-03,0.0
2000-01-04,0.0
2000-01-05,0.0
2000-01-06,0.0
2000-01-07,0.0
2000-01-08,0.0
2000-01-09,0.0
2000-01-10,0.0
2000-01-11,0.0
2000-01-12,0.0
2000-01-13,0.0
2000-01-14,0.0
2000-01-15,0.0
2000-01-16,0.0
2000-01-17,0.0
2000-01-18,0.0
2000-01-19,0.0
2000-01-20,0.0
2000-01-21,0.0
2000-01-22,0.0
2000-01-23,0.0
2000-01-24,0.0
2000-01-25,0.0
2000-01-26,0.0
2000-01-27,0.0
2000-01-28,0.0
2000-01-29,0.0
2000-01-30,0.0
2000-01-31,0.0
2000-02-01,0.0
2000-02-02,0.0
2000-02-03,0.0
2000-02-04,0.0
2000-02-05,0.0
2000-02-06,0.0
2000-02-07,0.0
2000-02-08,0.0
2000-02-09,0.0
2000-02-10,0.0
2000-02-11,0.0
2000-02-12,0.0
2000-02-13,0.0
2000-02-14,0.0
2000-02-15,0.0
2000-02-16,0.0
2000-02-17,0.0
2000-02-18,0.0
2000-02-19,0.0
2000-02-20,0.0
2000-02-21,0.0
2000-02-22,0.0
2000-02-23,0.08
2000-02-24,1.06
2000-02-25,0.0
2000-02-26,0.0
2000-02-27,0.0
2000-02-28,0.0
2000-02-29,0.0
2000-03-01,0.0
2000-03-02,0.0
2000-03-03,0.0
2000-03-04,0.0
2000-03-05,0.0
2000-03-06,0.0
2000-03-07,0.0
2000-03-08,0.0
2000-03-09,0.0
2000-03-10,0.0
2000-03-11,0.0
2000-03-12,0.0
2000-03-13,0.0
2000-03-14,0.0
2000-03-15,0.0
2000-03-16,0.0
2000-03-17,0.0
2000-03-18,0.0
2000-03-19,0.0
2000-03-20,0.0
2000-03-21,0.0
2000-03-22,0.0
2000-03-23,0.0
2000-03-24,0.0
2000-03-25,0.08
2000-03-26,0.01
2000-03-27,0.0
2000-03-28,0.0
2000-03-29,0.0
2000-03-30,0.0
2000-03-31,0.0
2000-04-01,0.0
2000-04-02,0.0
2000-04-03,0.0
2000-04-04,0.06
2000-04-05,0.08
2000-04-06,0.03
2000-04-07,0.06
2000-04-08,0.01
2000-04-09,0.0
2000-04-10,0.0
2000-04-11,0.0
2000-04-12,0.0
2000-04-13,0.0
2000-04-14,0.0
2000-04-15,0.0
2000-04-16,0.0
2000-04-17,0.03
2000-04-18,0.01
2000-04-19,0.01
2000-04-20,0.0
2000-04-21,0.0
2000-04-22,0.0
2000-04-23,0.0
2000-04-24,0.0
2000-04-25,0.0
2000-04-26,0.0
2000-04-27,0.0
2000-04-28,0.0
2000-04-29,0.0
2000-04-30,0.0
2000-05-01,0.0
2000-05-02,0.0
2000-05-03,0.0
2000-05-04,0.0
2000-05-05,0.13
2000-05-06,0.27
2000-05-07,0.15
2000-05-08,0.15
2000-05-09,0.45
2000-05-10,0.02
2000-05-11,0.0
2000-05-12,0.0
2000-05-13,0.0
2000-05-14,0.0
2000-05-15,1.32
2000-05-16,4.57
2000-05-17,10.27
2000-05-18,89.85
2000-05-19,8.7
2000-05-20,0.3
2000-05-21,0.58
2000-05-22,0.56
2000-05-23,0.46
2000-05-24,0.26
2000-05-25,0.85
2000-05-26,0.12
2000-05-27,9.01
2000-05-28,2.38
2000-05-29,5.32
2000-05-30,2.55
2000-05-31,6.75
2000-06-01,2.69
2000-06-02,1.79
2000-06-03,32.89
2000-06-04,35.81
2000-06-05,30.0
2000-06-06,9.62
2000-06-07,13.27
2000-06-08,34.3
2000-06-09,10.08
2000-06-10,1.27
2000-06-11,1.37
2000-06-12,1.04
2000-06-13,3.9
2000-06-14,2.27
2000-06-15,0.18
2000-06-16,0.0
2000-06-17,0.0
2000-06-18,0.01
2000-06-19,0.07
2000-06-20,0.03
2000-06-21,0.0
2000-06-22,0.87
2000-06-23,1.58
2000-06-24,1.62
2000-06-25,3.62
2000-06-26,2.6
2000-06-27,2.67
2000-06-28,3.65
2000-06-29,10.81
2000-06-30,11.39
2000-07-01,6.76
2000-07-02,5.29
2000-07-03,103.32
2000-07-04,42.11
2000-07-05,12.43
2000-07-06,17.3
2000-07-07,10.78
2000-07-08,14.82
2000-07-09,5.7
2000-07-10,7.46
2000-07-11,20.34
2000-07-12,92.19
2000-07-13,41.69
2000-07-14,4.35
2000-07-15,4.45
2000-07-16,1.11
2000-07-17,5.04
2000-07-18,5.61
2000-07-19,2.34
2000-07-20,2.64
2000-07-21,1.07
2000-07-22,0.44
2000-07-23,0.43
2000-07-24,0.05
2000-07-25,0.0
2000-07-26,0.0
2000-07-27,0.42
2000-07-28,0.1
2000-07-29,0.0
2000-07-30,0.0
2000-07-31,0.0
2000-08-01,0.0
2000-08-02,0.04
2000-08-03,0.65
2000-08-04,0.33
2000-08-05,0.62
2000-08-06,0.79
2000-08-07,1.17
2000-08-08,3.36
2000-08-09,6.22
2000-08-10,6.66
2000-08-11,16.06
2000-08-12,9.97
2000-08-13,1.64
2000-08-14,0.45
2000-08-15,2.46
2000-08-16,1.31
2000-08-17,1.27
2000-08-18,1.64
2000-08-19,1.36
2000-08-20,3.83
2000-08-21,6.78
2000-08-22,18.8
2000-08-23,16.52
2000-08-24,47.61
2000-08-25,17.59
2000-08-26,5.35
2000-08-27,21.87
2000-08-28,19.52
2000-08-29,5.13
2000-08-30,2.94
2000-08-31,5.21
2000-09-01,10.82
2000-09-02,3.4
2000-09-03,0.8
2000-09-04,0.59
2000-09-05,0.63
2000-09-06,0.52
2000-09-07,0.06
2000-09-08,0.16
2000-09-09,0.19
2000-09-10,0.47
2000-09-11,0.63
2000-09-12,0.16
2000-09-13,0.0
2000-09-14,0.01
2000-09-15,0.0
2000-09-16,0.0
2000-09-17,0.06
2000-09-18,0.01
2000-09-19,0.11
2000-09-20,0.02
2000-09-21,2.07
2000-09-22,3.72
2000-09-23,4.22
2000-09-24,3.89
2000-09-25,35.78
2000-09-26,4.17
2000-09-27,8.51
2000-09-28,1.62
2000-09-29,0.19
2000-09-30,0.01
2000-10-01,5.68
2000-10-02,0.77
2000-10-03,1.54
2000-10-04,1.12
2000-10-05,0.41
2000-10-06,2.55
2000-10-07,3.62
2000-10-08,1.57
2000-10-09,8.28
2000-10-10,3.19
2000-10-11,14.38
2000-10-12,3.95
2000-10-13,0.28
2000-10-14,4.49
2000-10-15,0.7
2000-10-16,0.0
2000-10-17,0.0
2000-10-18,0.01
2000-10-19,0.3
2000-10-20,1.64
2000-10-21,0.1
2000-10-22,3.13
2000-10-23,2.37
2000-10-24,0.0
2000-10-25,0.0
2000-10-26,0.0
2000-10-27,0.0
2000-10-28,0.0
2000-10-29,0.0
2000-10-30,0.0
2000-10-31,0.0
2000-11-01,0.0
2000-11-02,0.0
2000-11-03,0.97
2000-11-04,0.03
2000-11-05,7.79
2000-11-06,0.03
2000-11-07,0.0
2000-11-08,0.0
2000-11-09,0.0
2000-11-10,0.0
2000-11-11,0.0
2000-11-12,0.0
2000-11-13,0.0
2000-11-14,0.0
2000-11-15,0.0
2000-11-16,0.0
2000-11-17,0.0
2000-11-18,0.0
2000-11-19,0.0
2000-11-20,0.0
2000-11-21,0.0
2000-11-22,0.0
2000-11-23,0.0
2000-11-24,0.0
2000-11-25,0.0
2000-11-26,0.0
2000-11-27,0.0
2000-11-28,0.0
2000-11-29,0.0
2000-11-30,0.0
2000-12-01,0.0
2000-12-02,0.0
2000-12-03,0.0
2000-12-04,0.0
2000-12-05,0.0
2000-12-06,0.0
2000-12-07,0.0
2000-12-08,0.0
2000-12-09,0.0
2000-12-10,0.0
2000-12-11,0.0
2000-12-12,0.0
2000-12-13,0.0
2000-12-14,0.0
2000-12-15,0.0
2000-12-16,0.0
2000-12-17,0.0
2000-12-18,0.0
2000-12-19,0.0
2000-12-20,0.0
2000-12-21,0.0
2000-12-22,0.0
2000-12-23,0.0
2000-12-24,0.0
2000-12-25,0.0
2000-12-26,0.0
2000-12-27,0.0
2000-12-28,0.0
2000-12-29,0.0
2000-12-30,2.86
2000-12-31,11.61
2001-01-01,0.01
2001-01-02,0.04
2001-01-03,0.0
2001-01-04,0.0
2001-01-05,0.0
2001-01-06,0.0
2001-01-07,0.0
2001-01-08,0.0
2001-01-09,0.0
2001-01-10,0.0
2001-01-11,0.0
2001-01-12,0.0
2001-01-13,0.0
2001-01-14,0.0
2001-01-15,0.0
2001-01-16,0.0
2001-01-17,0.0
2001-01-18,0.0
2001-01-19,0.0
2001-01-20,0.0
2001-01-21,0.0
2001-01-22,0.0
2001-01-23,0.0
2001-01-24,0.0
2001-01-25,0.0
2001-01-26,0.0
2001-01-27,0.0
2001-01-28,0.0
2001-01-29,0.0
2001-01-30,0.0
2001-01-31,0.0
2001-02-01,0.0
2001-02-02,0.0
2001-02-03,0.0
2001-02-04,0.0
2001-02-05,0.0
2001-02-06,0.0
2001-02-07,0.0
2001-02-08,0.0
2001-02-09,0.0
2001-02-10,0.0
2001-02-11,0.0
2001-02-12,0.0
2001-02-13,0.0
2001-02-14,0.0
2001-02-15,0.0
2001-02-16,0.0
2001-02-17,0.0
2001-02-18,0.0
2001-02-19,0.0
2001-02-20,0.0
2001-02-21,0.0
2001-02-22,0.0
2001-02-23,0.0
2001-02-24,0.0
2001-02-25,0.0
2001-02-26,0.0
2001-02-27,0.0
2001-02-28,0.0
2001-03-01,0.0
2001-03-02,0.0
2001-03-03,0.04
2001-03-04,0.02
2001-03-05,0.0
2001-03-06,0.0
2001-03-07,0.0
2001-03-08,0.0
2001-03-09,0.0
2001-03-10,0.0
2001-03-11,0.0
2001-03-12,0.0
2001-03-13,0.0
2001-03-14,0.0
2001-03-15,0.0
2001-03-16,0.0
2001-03-17,0.0
2001-03-18,0.0
2001-03-19,0.0
2001-03-20,0.0
2001-03-21,0.0
2001-03-22,0.0
2001-03-23,0.0
2001-03-24,0.0
2001-03-25,0.0
2001-03-26,0.0
2001-03-27,0.0
2001-03-28,0.0
2001-03-29,0.0
2001-03-30,0.0
2001-03-31,0.0
2001-04-01,0.0
2001-04-02,0.0
2001-04-03,0.0
2001-04-04,0.11
2001-04-05,0.21
2001-04-06,0.09
2001-04-07,0.2
2001-04-08,0.01
2001-04-09,0.0
2001-04-10,0.96
2001-04-11,0.0
2001-04-12,0.0
2001-04-13,0.2
2001-04-14,0.01
2001-04-15,0.0
2001-04-16,0.0
2001-04-17,0.0
2001-04-18,0.0
2001-04-19,0.0
2001-04-20,0.8
2001-04-21,0.56
2001-04-22,0.02
2001-04-23,0.08
2001-04-24,0.0
2001-04-25,0.0
2001-04-26,0.0
2001-04-27,0.0
2001-04-28,0.0
2001-04-29,0.0
2001-04-30,0.0
2001-05-01,0.0
2001-05-02,0.0
2001-05-03,0.0
2001-05-04,0.0
2001-05-05,0.0
2001-05-06,0.0
2001-05-07,0.0
2001-05-08,0.0
2001-05-09,0.0
2001-05-10,0.0
2001-05-11,0.0
2001-05-12,0.0
2001-05-13,0.0
2001-05-14,0.0
2001-05-15,0.0
2001-05-16,0.0
2001-05-17,0.0
2001-05-18,0.0
2001-05-19,1.59
2001-05-20,0.45
2001-05-21,0.57
2001-05-22,1.92
2001-05-23,1.53
2001-05-24,1.77
2001-05-25,1.97
2001-05-26,1.77
2001-05-27,5.09
2001-05-28,3.88
2001-05-29,2.99
2001-05-30,1.51
2001-05-31,0.02
2001-06-01,0.0
2001-06-02,0.1
2001-06-03,0.08
2001-06-04,0.73
2001-06-05,0.1
2001-06-06,1.15
2001-06-07,23.37
2001-06-08,25.35
2001-06-09,11.27
2001-06-10,4.77
2001-06-11,17.99
2001-06-12,8.54
2001-06-13,5.66
2001-06-14,28.63
2001-06-15,24.54
2001-06-16,13.57
2001-06-17,30.62
2001-06-18,9.09
2001-06-19,0.78
2001-06-20,1.52
2001-06-21,1.07
2001-06-22,0.03
2001-06-23,0.06
2001-06-24,0.16
2001-06-25,2.12
2001-06-26,1.22
2001-06-27,14.92
2001-06-28,9.74
2001-06-29,2.34
2001-06-30,3.26
2001-07-01,9.59
2001-07-02,8.0
2001-07-03,26.11
2001-07-04,13.6
2001-07-05,3.75
2001-07-06,4.82
2001-07-07,25.97
2001-07-08,34.41
2001-07-09,76.9
2001-07-10,18.01
2001-07-11,5.77
2001-07-12,4.53
2001-07-13,4.27
2001-07-14,5.38
2001-07-15,8.21
2001-07-16,8.07
2001-07-17,5.33
2001-07-18,2.85
2001-07-19,2.97
2001-07-20,2.04
2001-07-21,0.84
2001-07-22,4.98
2001-07-23,6.32
2001-07-24,5.83
2001-07-25,2.51
2001-07-26,3.15
2001-07-27,6.4
2001-07-28,5.66
2001-07-29,3.43
2001-07-30,2.97
2001-07-31,1.95
2001-08-01,5.53
2001-08-02,1.96
2001-08-03,17.12
2001-08-04,13.17
2001-08-05,5.49
2001-08-06,11.1
2001-08-07,19.66
2001-08-08,28.73
2001-08-09,10.06
2001-08-10,11.09
2001-08-11,5.96
2001-08-12,8.79
2001-08-13,7.04
2001-08-14,18.59
2001-08-15,26.49
2001-08-16,14.47
2001-08-17,7.75
2001-08-18,4.33
2001-08-19,0.78
2001-08-20,1.74
2001-08-21,1.74
2001-08-22,3.25
2001-08-23,2.33
2001-08-24,2.18
2001-08-25,0.88
2001-08-26,0.76
2001-08-27,1.97
2001-08-28,1.66
2001-08-29,1.34
2001-08-30,0.46
2001-08-31,0.38
2001-09-01,1.07
2001-09-02,0.73
2001-09-03,1.32
2001-09-04,1.3
2001-09-05,0.89
2001-09-06,0.93
2001-09-07,0.36
2001-09-08,0.33
2001-09-09,0.02
2001-09-10,0.03
2001-09-11,1.69
2001-09-12,0.56
2001-09-13,0.02
2001-09-14,7.38
2001-09-15,5.6
2001-09-16,8.56
2001-09-17,8.24
2001-09-18,16.54
2001-09-19,2.9
2001-09-20,16.66
2001-09-21,17.1
2001-09-22,2.85
2001-09-23,0.26
2001-09-24,0.41
2001-09-25,28.71
2001-09-26,10.1
2001-09-27,15.49
2001-09-28,5.35
2001-09-29,0.08
2001-09-30,0.24
2001-10-01,1.83
2001-10-02,0.77
2001-10-03,0.45
2001-10-04,3.7
2001-10-05,21.86
2001-10-06,23.96
2001-10-07,28.56
2001-10-08,16.45
2001-10-09,6.21
2001-10-10,3.38
2001-10-11,3.2
2001-10-12,6.67
2001-10-13,2.97
2001-10-14,0.24
2001-10-15,8.52
2001-10-16,2.08
2001-10-17,0.04
2001-10-18,0.02
2001-10-19,0.0
2001-10-20,0.0
2001-10-21,0.0
2001-10-22,0.0
2001-10-23,0.0
2001-10-24,0.0
2001-10-25,0.0
2001-10-26,0.0
2001-10-27,0.0
2001-10-28,0.0
2001-10-29,0.0
2001-10-30,0.0
2001-10-31,0.0
2001-11-01,0.0
2001-11-02,0.0
2001-11-03,0.0
2001-11-04,0.0
2001-11-05,0.0
2001-11-06,0.0
2001-11-07,0.0
2001-11-08,0.0
2001-11-09,0.0
2001-11-10,0.0
2001-11-11,0.0
2001-11-12,0.0
2001-11-13,0.0
2001-11-14,0.0
2001-11-15,0.0
2001-11-16,11.34
2001-11-17,0.45
2001-11-18,0.02
2001-11-19,0.0
2001-11-20,0.0
2001-11-21,0.0
2001-11-22,0.0
2001-11-23,0.0
2001-11-24,0.0
2001-11-25,0.0
2001-11-26,0.0
2001-11-27,0.0
2001-11-28,0.0
2001-11-29,0.0
2001-11-30,0.0
2001-12-01,0.0
2001-12-02,0.0
2001-12-03,0.0
2001-12-04,0.0
2001-12-05,0.0
2001-12-06,0.0
2001-12-07,0.0
2001-12-08,0.0
2001-12-09,0.0
2001-12-10,0.0
2001-12-11,0.0
2001-12-12,0.0
2001-12-13,0.0
2001-12-14,0.0
2001-12-15,0.0
2001-12-16,0.0
2001-12-17,0.0
2001-12-18,0.0
2001-12-19,0.0
2001-12-20,0.0
2001-12-21,0.0
2001-12-22,0.0
2001-12-23,0.0
2001-12-24,0.0
2001-12-25,0.0
2001-12-26,0.0
2001-12-27,0.0
2001-12-28,0.0
2001-12-29,0.0
2001-12-30,0.0
2001-12-31,0.0
2002-01-01,0.0
2002-01-02,0.0
2002-01-03,0.0
2002-01-04,0.0
2002-01-05,0.03
2002-01-06,0.01
2002-01-07,0.26
2002-01-08,0.09
2002-01-09,0.0
2002-01-10,0.0
2002-01-11,0.0
2002-01-12,0.0
2002-01-13,0.0
2002-01-14,0.0
2002-01-15,0.0
2002-01-16,0.0
2002-01-17,0.0
2002-01-18,0.0
2002-01-19,0.0
2002-01-20,0.0
2002-01-21,0.0
2002-01-22,0.0
2002-01-23,0.0
2002-01-24,0.0
2002-01-25,0.0
2002-01-26,0.0
2002-01-27,0.0
2002-01-28,0.0
2002-01-29,0.0
2002-01-30,0.0
2002-01-31,0.0
2002-02-01,0.0
2002-02-02,0.0
2002-02-03,0.0
2002-02-04,0.0
2002-02-05,0.0
2002-02-06,0.01
2002-02-07,0.03
2002-02-08,0.0
2002-02-09,0.0
2002-02-10,0.12
2002-02-11,0.0
2002-02-12,0.0
2002-02-13,0.0
2002-02-14,0.0
2002-02-15,0.0
2002-02-16,0.0
2002-02-17,0.0
2002-02-18,0.0
2002-02-19,0.0
2002-02-20,0.0
2002-02-21,0.0
2002-02-22,0.0
2002-02-23,0.0
2002-02-24,0.0
2002-02-25,0.0
2002-02-26,0.0
2002-02-27,0.0
2002-02-28,0.0
2002-03-01,0.0
2002-03-02,0.0
2002-03-03,0.0
2002-03-04,0.0
2002-03-05,0.0
2002-03-06,0.0
2002-03-07,0.0
2002-03-08,0.0
2002-03-09,0.0
2002-03-10,0.0
2002-03-11,0.0
2002-03-12,0.0
2002-03-13,0.04
2002-03-14,0.24
2002-03-15,0.0
2002-03-16,0.0
2002-03-17,0.0
2002-03-18,0.0
2002-03-19,0.0
2002-03-20,0.0
2002-03-21,0.03
2002-03-22,0.01
2002-03-23,0.0
2002-03-24,0.0
2002-03-25,0.0
2002-03-26,0.0
2002-03-27,0.0
2002-03-28,0.0
2002-03-29,0.0
2002-03-30,0.0
2002-03-31,0.0
2002-04-01,0.0
2002-04-02,0.0
2002-04-03,0.0
2002-04-04,0.0
2002-04-05,0.0
2002-04-06,3.02
2002-04-07,0.71
2002-04-08,0.08
2002-04-09,0.0
2002-04-10,0.0
2002-04-11,0.0
2002-04-12,0.0
2002-04-13,0.0
2002-04-14,0.0
2002-04-15,0.0
2002-04-16,0.0
2002-04-17,0.0
2002-04-18,0.0
2002-04-19,0.02
2002-04-20,0.13
2002-04-21,0.11
2002-04-22,0.0
2002-04-23,0.0
2002-04-24,0.0
2002-04-25,0.0
2002-04-26,0.0
2002-04-27,0.0
2002-04-28,0.0
2002-04-29,0.0
2002-04-30,0.0
2002-05-01,0.0
2002-05-02,0.2
2002-05-03,0.0
2002-05-04,0.02
2002-05-05,0.05
2002-05-06,0.33
2002-05-07,1.23
2002-05-08,9.61
2002-05-09,4.15
2002-05-10,0.65
2002-05-11,0.07
2002-05-12,0.0
2002-05-13,0.0
2002-05-14,0.52
2002-05-15,0.09
2002-05-16,0.0
2002-05-17,0.0
2002-05-18,0.08
2002-05-19,0.05
2002-05-20,0.63
2002-05-21,0.41
2002-05-22,0.0
2002-05-23,0.0
2002-05-24,0.0
2002-05-25,0.01
2002-05-26,0.0
2002-05-27,0.56
2002-05-28,0.08
2002-05-29,0.0
2002-05-30,0.42
2002-05-31,1.92
2002-06-01,0.54
2002-06-02,3.24
2002-06-03,1.5
2002-06-04,0.82
2002-06-05,0.28
2002-06-06,0.16
2002-06-07,0.02
2002-06-08,0.38
2002-06-09,0.65
2002-06-10,9.4
2002-06-11,32.26
2002-06-12,4.01
2002-06-13,12.15
2002-06-14,13.48
2002-06-15,19.88
2002-06-16,17.37
2002-06-17,11.5
2002-06-18,10.36
2002-06-19,7.72
2002-06-20,16.02
2002-06-21,10.05
2002-06-22,8.43
2002-06-23,10.79
2002-06-24,12.89
2002-06-25,17.59
2002-06-26,83.45
2002-06-27,41.25
2002-06-28,8.29
2002-06-29,9.31
2002-06-30,1.89
2002-07-01,0.84
2002-07-02,0.42
2002-07-03,0.94
2002-07-04,1.04
2002-07-05,0.16
2002-07-06,0.27
2002-07-07,0.18
2002-07-08,0.49
2002-07-09,1.83
2002-07-10,3.73
2002-07-11,1.71
2002-07-12,0.55
2002-07-13,0.29
2002-07-14,1.91
2002-07-15,2.2
2002-07-16,5.0
2002-07-17,3.58
2002-07-18,7.74
2002-07-19,4.46
2002-07-20,2.06
2002-07-21,4.86
2002-07-22,9.84
2002-07-23,9.52
2002-07-24,11.25
2002-07-25,6.56
2002-07-26,3.0
2002-07-27,1.75
2002-07-28,0.38
2002-07-29,0.15
2002-07-30,0.07
2002-07-31,0.83
2002-08-01,0.64
2002-08-02,8.59
2002-08-03,7.32
2002-08-04,20.36
2002-08-05,11.63
2002-08-06,42.85
2002-08-07,32.64
2002-08-08,19.15
2002-08-09,32.97
2002-08-10,12.28
2002-08-11,12.55
2002-08-12,12.06
2002-08-13,4.01
2002-08-14,2.64
2002-08-15,3.74
2002-08-16,2.32
2002-08-17,11.28
2002-08-18,8.69
2002-08-19,1.7
2002-08-20,0.6
2002-08-21,0.7
2002-08-22,0.43
2002-08-23,1.53
2002-08-24,16.02
2002-08-25,11.4
2002-08-26,1.65
2002-08-27,1.39
2002-08-28,0.45
2002-08-29,1.26
2002-08-30,8.0
2002-08-31,6.85
2002-09-01,9.24
2002-09-02,3.27
2002-09-03,9.27
2002-09-04,15.53
2002-09-05,10.48
2002-09-06,0.74
2002-09-07,0.08
2002-09-08,0.01
2002-09-09,0.06
2002-09-10,0.08
2002-09-11,0.12
2002-09-12,0.07
2002-09-13,0.0
2002-09-14,0.0
2002-09-15,0.0
2002-09-16,0.46
2002-09-17,3.58
2002-09-18,0.72
2002-09-19,0.22
2002-09-20,0.01
2002-09-21,11.49
2002-09-22,3.41
2002-09-23,0.39
2002-09-24,0.08
2002-09-25,0.92
2002-09-26,0.21
2002-09-27,0.11
2002-09-28,1.4
2002-09-29,0.27
2002-09-30,0.0
2002-10-01,0.0
2002-10-02,0.14
2002-10-03,0.03
2002-10-04,1.57
2002-10-05,0.23
2002-10-06,0.01
2002-10-07,0.0
2002-10-08,0.01
2002-10-09,1.74
2002-10-10,3.87
2002-10-11,4.91
2002-10-12,3.74
2002-10-13,6.2
2002-10-14,0.39
2002-10-15,0.53
2002-10-16,10.41
2002-10-17,2.98
2002-10-18,0.05
2002-10-19,0.01
2002-10-20,0.0
2002-10-21,0.0
2002-10-22,0.0
2002-10-23,0.0
2002-10-24,0.0
2002-10-25,0.0
2002-10-26,0.0
2002-10-27,0.0
2002-10-28,0.0
2002-10-29,0.0
2002-10-30,0.0
2002-10-31,0.0
2002-11-01,0.0
2002-11-02,0.0
2002-11-03,0.0
2002-11-04,0.0
2002-11-05,0.0
2002-11-06,0.0
2002-11-07,0.0
2002-11-08,0.0
2002-11-09,0.0
2002-11-10,3.2
2002-11-11,1.23
2002-11-12,0.04
2002-11-13,0.17
2002-11-14,0.02
2002-11-15,0.0
2002-11-16,0.0
2002-11-17,0.0
2002-11-18,0.0
2002-11-19,0.0
2002-11-20,0.0
2002-11-21,0.0
2002-11-22,0.0
2002-11-23,0.0
2002-11-24,0.0
2002-11-25,0.0
2002-11-26,0.0
2002-11-27,0.0
2002-11-28,0.0
2002-11-29,0.0
2002-11-30,0.0
2002-12-01,0.0
2002-12-02,0.0
2002-12-03,0.0
2002-12-04,0.0
2002-12-05,0.0
2002-12-06,0.0
2002-12-07,0.0
2002-12-08,0.0
2002-12-09,0.0
2002-12-10,0.0
2002-12-11,0.0
2002-12-12,0.0
2002-12-13,0.0
2002-12-14,0.0
2002-12-15,0.0
2002-12-16,0.0
2002-12-17,0.0
2002-12-18,0.0
2002-12-19,0.0
2002-12-20,0.0
2002-12-21,0.0
2002-12-22,0.0
2002-12-23,0.0
2002-12-24,0.0
2002-12-25,0.0
2002-12-26,0.0
2002-12-27,0.0
2002-12-28,0.0
2002-12-29,0.0
2002-12-30,0.0
2002-12-31,0.23
2003-01-01,0.0
2003-01-02,0.0
2003-01-03,0.0
2003-01-04,0.0
2003-01-05,0.0
2003-01-06,0.0
2003-01-07,0.0
2003-01-08,0.0
2003-01-09,0.0
2003-01-10,0.0
2003-01-11,0.0
2003-01-12,0.07
2003-01-13,0.0
2003-01-14,0.0
2003-01-15,0.0
2003-01-16,0.0
2003-01-17,0.0
2003-01-18,0.0
2003-01-19,0.0
2003-01-20,0.0
2003-01-21,0.0
2003-01-22,0.0
2003-01-23,0.0
2003-01-24,0.0
2003-01-25,0.0
2003-01-26,0.0
2003-01-27,0.0
2003-01-28,0.0
2003-01-29,0.0
2003-01-30,0.0
2003-01-31,0.0
2003-02-01,0.0
2003-02-02,0.0
2003-02-03,1.07
2003-02-04,0.21
2003-02-05,0.0
2003-02-06,0.0
2003-02-07,0.0
2003-02-08,0.0
2003-02-09,0.0
2003-02-10,0.0
2003-02-11,0.0
2003-02-12,0.0
2003-02-13,0.0
2003-02-14,0.0
2003-02-15,0.0
2003-02-16,0.0
2003-02-17,0.0
2003-02-18,0.45
2003-02-19,2.95
2003-02-20,0.0
2003-02-21,0.0
2003-02-22,0.0
2003-02-23,0.0
2003-02-24,0.0
2003-02-25,0.0
2003-02-26,0.0
2003-02-27,0.0
2003-02-28,0.0
2003-03-01,0.0
2003-03-02,0.0
2003-03-03,0.0
2003-03-04,0.0
2003-03-05,0.0
2003-03-06,0.0
2003-03-07,0.0
2003-03-08,0.0
2003-03-09,0.0
2003-03-10,0.0
2003-03-11,0.0
2003-03-12,0.0
2003-03-13,0.0
2003-03-14,0.0
2003-03-15,0.0
2003-03-16,0.0
2003-03-17,0.0
2003-03-18,0.0
2003-03-19,0.0
2003-03-20,0.0
2003-03-21,0.28
2003-03-22,0.52
2003-03-23,0.0
2003-03-24,0.0
2003-03-25,0.46
2003-03-26,0.0
2003-03-27,0.0
2003-03-28,0.0
2003-03-29,0.0
2003-03-30,0.0
2003-03-31,0.0
2003-04-01,0.0
2003-04-02,0.0
2003-04-03,0.0
2003-04-04,0.0
2003-04-05,0.0
2003-04-06,0.0
2003-04-07,0.53
2003-04-08,0.2
2003-04-09,0.53
2003-04-10,0.09
2003-04-11,0.31
2003-04-12,0.01
2003-04-13,0.0
2003-04-14,0.04
2003-04-15,0.0
2003-04-16,0.1
2003-04-17,0.09
2003-04-18,0.0
2003-04-19,0.0
2003-04-20,0.0
2003-04-21,0.0
2003-04-22,0.25
2003-04-23,0.25
2003-04-24,0.0
2003-04-25,0.0
2003-04-26,0.0
2003-04-27,0.0
2003-04-28,0.0
2003-04-29,0.03
2003-04-30,0.36
2003-05-01,0.1
2003-05-02,0.01
2003-05-03,0.0
2003-05-04,0.0
2003-05-05,0.0
2003-05-06,0.0
2003-05-07,0.0
2003-05-08,0.0
2003-05-09,0.0
2003-05-10,0.0
2003-05-11,0.0
2003-05-12,0.0
2003-05-13,0.0
2003-05-14,0.0
2003-05-15,0.0
2003-05-16,0.0
2003-05-17,0.0
2003-05-18,0.0
2003-05-19,0.0
2003-05-20,0.0
2003-05-21,0.0
2003-05-22,0.0
2003-05-23,0.0
2003-05-24,0.0
2003-05-25,0.0
2003-05-26,0.0
2003-05-27,0.0
2003-05-28,0.0
2003-05-29,0.0
2003-05-30,0.0
2003-05-31,0.0
2003-06-01,0.01
2003-06-02,0.01
2003-06-03,0.0
2003-06-04,0.0
2003-06-05,0.01
2003-06-06,0.16
2003-06-07,0.07
2003-06-08,0.04
2003-06-09,49.55
2003-06-10,14.44
2003-06-11,7.24
2003-06-12,12.04
2003-06-13,5.09
2003-06-14,3.83
2003-06-15,17.47
2003-06-16,7.29
2003-06-17,9.36
2003-06-18,20.98
2003-06-19,50.54
2003-06-20,32.33
2003-06-21,13.53
2003-06-22,20.73
2003-06-23,3.32
2003-06-24,5.31
2003-06-25,7.56
2003-06-26,7.14
2003-06-27,15.57
2003-06-28,32.53
2003-06-29,42.12
2003-06-30,11.92
2003-07-01,4.26
2003-07-02,4.21
2003-07-03,7.14
2003-07-04,5.23
2003-07-05,10.99
2003-07-06,15.68
2003-07-07,23.74
2003-07-08,9.41
2003-07-09,16.4
2003-07-10,5.53
2003-07-11,8.83
2003-07-12,5.35
2003-07-13,5.63
2003-07-14,9.62
2003-07-15,7.2
2003-07-16,14.1
2003-07-17,12.75
2003-07-18,4.97
2003-07-19,2.06
2003-07-20,0.55
2003-07-21,2.75
2003-07-22,2.43
2003-07-23,5.02
2003-07-24,11.54
2003-07-25,16.68
2003-07-26,13.39
2003-07-27,41.07
2003-07-28,12.09
2003-07-29,2.12
2003-07-30,1.75
2003-07-31,0.6
2003-08-01,1.94
2003-08-02,2.38
2003-08-03,4.45
2003-08-04,8.5
2003-08-05,13.01
2003-08-06,17.61
2003-08-07,20.74
2003-08-08,13.05
2003-08-09,3.19
2003-08-10,2.73
2003-08-11,2.46
2003-08-12,3.01
2003-08-13,4.17
2003-08-14,4.45
2003-08-15,1.89
2003-08-16,0.8
2003-08-17,0.38
2003-08-18,0.71
2003-08-19,6.2
2003-08-20,4.34
2003-08-21,4.03
2003-08-22,9.94
2003-08-23,19.95
2003-08-24,4.99
2003-08-25,1.52
2003-08-26,1.68
2003-08-27,6.85
2003-08-28,13.77
2003-08-29,8.65
2003-08-30,7.08
2003-08-31,2.57
2003-09-01,2.03
2003-09-02,4.78
2003-09-03,3.82
2003-09-04,3.12
2003-09-05,1.8
2003-09-06,2.1
2003-09-07,1.16
2003-09-08,1.02
2003-09-09,1.27
2003-09-10,8.06
2003-09-11,8.36
2003-09-12,2.14
2003-09-13,1.56
2003-09-14,0.8
2003-09-15,1.4
2003-09-16,0.41
2003-09-17,0.3
2003-09-18,0.38
2003-09-19,0.63
2003-09-20,3.78
2003-09-21,4.03
2003-09-22,2.88
2003-09-23,2.65
2003-09-24,4.64
2003-09-25,8.18
2003-09-26,11.72
2003-09-27,13.64
2003-09-28,10.49
2003-09-29,0.52
2003-09-30,0.24
2003-10-01,3.03
2003-10-02,3.79
2003-10-03,0.3
2003-10-04,0.01
2003-10-05,0.01
2003-10-06,27.64
2003-10-07,3.36
2003-10-08,13.21
2003-10-09,1.64
2003-10-10,1.82
2003-10-11,0.43
2003-10-12,0.02
2003-10-13,0.0
2003-10-14,0.0
2003-10-15,2.19
2003-10-16,0.0
2003-10-17,0.0
2003-10-18,0.0
2003-10-19,0.04
2003-10-20,0.37
2003-10-21,0.53
2003-10-22,0.1
2003-10-23,0.44
2003-10-24,0.04
2003-10-25,0.0
2003-10-26,0.0
2003-10-27,0.0
2003-10-28,0.0
2003-10-29,0.0
2003-10-30,0.06
2003-10-31,0.06
2003-11-01,1.0
2003-11-02,0.09
2003-11-03,0.0
2003-11-04,0.0
2003-11-05,1.1
2003-11-06,0.01
2003-11-07,0.0
2003-11-08,0.0
2003-11-09,0.0
2003-11-10,0.0
2003-11-11,0.0
2003-11-12,0.0
2003-11-13,0.0
2003-11-14,0.0
2003-11-15,0.0
2003-11-16,0.0
2003-11-17,0.0
2003-11-18,0.0
2003-11-19,0.0
2003-11-20,0.0
2003-11-21,0.0
2003-11-22,0.0
2003-11-23,0.0
2003-11-24,0.0
2003-11-25,0.0
2003-11-26,0.0
2003-11-27,0.0
2003-11-28,0.0
2003-11-29,0.0
2003-11-30,0.0
2003-12-01,0.0
2003-12-02,0.0
2003-12-03,0.0
2003-12-04,0.0
2003-12-05,0.0
2003-12-06,0.0
2003-12-07,0.0
2003-12-08,0.0
2003-12-09,0.0
2003-12-10,0.0
2003-12-11,0.0
2003-12-12,0.0
2003-12-13,0.0
2003-12-14,0.0
2003-12-15,0.0
2003-12-16,0.0
2003-12-17,0.0
2003-12-18,0.0
2003-12-19,0.0
2003-12-20,0.0
2003-12-21,0.0
2003-12-22,0.0
2003-12-23,0.0
2003-12-24,0.0
2003-12-25,0.0
2003-12-26,0.28
2003-12-27,0.03
2003-12-28,0.0
2003-12-29,0.0
2003-12-30,0.0
2003-12-31,0.0
2004-01-01,0.0
2004-01-02,0.0
2004-01-03,0.0
2004-01-04,0.0
2004-01-05,0.0
2004-01-06,0.02
2004-01-07,0.02
2004-01-08,0.0
2004-01-09,0.0
2004-01-10,0.0
2004-01-11,0.0
2004-01-12,0.0
2004-01-13,0.0
2004-01-14,0.0
2004-01-15,0.0
2004-01-16,0.0
2004-01-17,0.0
2004-01-18,0.0
2004-01-19,0.0
2004-01-20,0.0
2004-01-21,0.0
2004-01-22,0.0
2004-01-23,0.0
2004-01-24,0.0
2004-01-25,0.0
2004-01-26,0.0
2004-01-27,0.0
2004-01-28,0.56
2004-01-29,0.02
2004-01-30,0.0
2004-01-31,0.0
2004-02-01,0.0
2004-02-02,0.11
2004-02-03,0.2
2004-02-04,0.0
2004-02-05,0.0
2004-02-06,0.0
2004-02-07,0.0
2004-02-08,0.0
2004-02-09,0.0
2004-02-10,0.0
2004-02-11,0.0
2004-02-12,0.0
2004-02-13,0.0
2004-02-14,0.0
2004-02-15,0.0
2004-02-16,0.0
2004-02-17,0.0
2004-02-18,0.0
2004-02-19,0.0
2004-02-20,0.0
2004-02-21,0.0
2004-02-22,0.0
2004-02-23,0.0
2004-02-24,0.0
2004-02-25,0.0
2004-02-26,0.0
2004-02-27,0.0
2004-02-28,0.0
2004-02-29,0.0
2004-03-01,0.0
2004-03-02,0.0
2004-03-03,0.0
2004-03-04,0.0
2004-03-05,0.0
2004-03-06,0.0
2004-03-07,0.0
2004-03-08,0.0
2004-03-09,0.0
2004-03-10,0.0
2004-03-11,0.0
2004-03-12,0.0
2004-03-13,0.0
2004-03-14,0.0
2004-03-15,0.0
2004-03-16,0.0
2004-03-17,0.0
2004-03-18,0.0
2004-03-19,0.0
2004-03-20,0.0
2004-03-21,0.0
2004-03-22,0.0
2004-03-23,0.0
2004-03-24,0.0
2004-03-25,0.0
2004-03-26,0.0
2004-03-27,0.0
2004-03-28,0.0
2004-03-29,0.0
2004-03-30,0.0
2004-03-31,0.0
2004-04-01,0.03
2004-04-02,0.0
2004-04-03,0.0
2004-04-04,0.66
2004-04-05,0.03
2004-04-06,0.0
2004-04-07,0.0
2004-04-08,0.0
2004-04-09,0.0
2004-04-10,0.0
2004-04-11,0.0
2004-04-12,0.0
2004-04-13,0.0
2004-04-14,0.0
2004-04-15,0.0
2004-04-16,0.0
2004-04-17,0.0
2004-04-18,0.0
2004-04-19,0.0
2004-04-20,0.0
2004-04-21,0.0
2004-04-22,0.0
2004-04-23,0.0
2004-04-24,0.0
2004-04-25,0.0
2004-04-26,0.0
2004-04-27,0.04
2004-04-28,0.0
2004-04-29,0.0
2004-04-30,0.01
2004-05-01,0.0
2004-05-02,0.0
2004-05-03,0.05
2004-05-04,8.12
2004-05-05,1.74
2004-05-06,0.37
2004-05-07,5.64
2004-05-08,0.28
2004-05-09,1.86
2004-05-10,1.54
2004-05-11,0.44
2004-05-12,0.05
2004-05-13,0.01
2004-05-14,3.21
2004-05-15,1.83
2004-05-16,12.98
2004-05-17,42.68
2004-05-18,10.45
2004-05-19,1.25
2004-05-20,0.18
2004-05-21,0.02
2004-05-22,0.03
2004-05-23,0.09
2004-05-24,0.0
2004-05-25,0.0
2004-05-26,0.01
2004-05-27,0.01
2004-05-28,0.01
2004-05-29,0.79
2004-05-30,3.32
2004-05-31,1.67
2004-06-01,1.12
2004-06-02,4.02
2004-06-03,12.29
2004-06-04,10.31
2004-06-05,12.54
2004-06-06,55.74
2004-06-07,10.63
2004-06-08,5.19
2004-06-09,9.03
2004-06-10,6.92
2004-06-11,3.77
2004-06-12,3.69
2004-06-13,15.48
2004-06-14,64.6
2004-06-15,61.01
2004-06-16,27.01
2004-06-17,23.13
2004-06-18,12.8
2004-06-19,1.88
2004-06-20,0.74
2004-06-21,0.24
2004-06-22,0.05
2004-06-23,0.02
2004-06-24,0.52
2004-06-25,1.3
2004-06-26,1.99
2004-06-27,1.0
2004-06-28,0.37
2004-06-29,1.04
2004-06-30,2.45
2004-07-01,2.05
2004-07-02,0.73
2004-07-03,13.98
2004-07-04,14.36
2004-07-05,5.47
2004-07-06,0.68
2004-07-07,0.59
2004-07-08,0.52
2004-07-09,1.22
2004-07-10,2.44
2004-07-11,6.57
2004-07-12,3.4
2004-07-13,1.3
2004-07-14,5.73
2004-07-15,7.45
2004-07-16,1.8
2004-07-17,3.67
2004-07-18,2.47
2004-07-19,5.21
2004-07-20,6.08
2004-07-21,3.33
2004-07-22,5.45
2004-07-23,11.58
2004-07-24,11.67
2004-07-25,17.1
2004-07-26,16.18
2004-07-27,7.94
2004-07-28,23.96
2004-07-29,28.93
2004-07-30,41.85
2004-07-31,30.97
2004-08-01,67.06
2004-08-02,104.28
2004-08-03,34.09
2004-08-04,50.77
2004-08-05,46.15
2004-08-06,19.56
2004-08-07,10.45
2004-08-08,8.15
2004-08-09,8.4
2004-08-10,8.29
2004-08-11,88.31
2004-08-12,42.55
2004-08-13,4.6
2004-08-14,8.83
2004-08-15,6.91
2004-08-16,10.19
2004-08-17,5.25
2004-08-18,5.43
2004-08-19,9.88
2004-08-20,8.84
2004-08-21,13.48
2004-08-22,6.61
2004-08-23,14.33
2004-08-24,6.9
2004-08-25,2.03
2004-08-26,0.54
2004-08-27,0.06
2004-08-28,0.0
2004-08-29,0.01
2004-08-30,0.0
2004-08-31,11.02
2004-09-01,3.77
2004-09-02,0.18
2004-09-03,0.09
2004-09-04,0.31
2004-09-05,1.34
2004-09-06,22.56
2004-09-07,9.36
2004-09-08,6.31
2004-09-09,7.19
2004-09-10,7.45
2004-09-11,3.71
2004-09-12,2.89
2004-09-13,1.69
2004-09-14,1.03
2004-09-15,2.37
2004-09-16,2.03
2004-09-17,0.64
2004-09-18,11.42
2004-09-19,5.67
2004-09-20,8.35
2004-09-21,13.95
2004-09-22,15.32
2004-09-23,2.35
2004-09-24,18.68
2004-09-25,21.99
2004-09-26,6.98
2004-09-27,2.43
2004-09-28,27.12
2004-09-29,14.99
2004-09-30,2.15
2004-10-01,2.45
2004-10-02,4.26
2004-10-03,2.52
2004-10-04,3.23
2004-10-05,2.69
2004-10-06,1.96
2004-10-07,0.7
2004-10-08,0.13
2004-10-09,0.18
2004-10-10,0.36
2004-10-11,0.13
2004-10-12,0.15
2004-10-13,0.11
2004-10-14,0.03
2004-10-15,0.0
2004-10-16,0.0
2004-10-17,0.0
2004-10-18,0.0
2004-10-19,0.0
2004-10-20,0.0
2004-10-21,0.0
2004-10-22,0.06
2004-10-23,0.01
2004-10-24,0.0
2004-10-25,0.0
2004-10-26,0.0
2004-10-27,0.0
2004-10-28,0.01
2004-10-29,0.0
2004-10-30,0.0
2004-10-31,0.0
2004-11-01,0.16
2004-11-02,0.45
2004-11-03,0.74
2004-11-04,0.01
2004-11-05,0.0
2004-11-06,0.0
2004-11-07,0.0
2004-11-08,4.28
2004-11-09,1.46
2004-11-10,1.15
2004-11-11,0.09
2004-11-12,0.0
2004-11-13,0.0
2004-11-14,0.0
2004-11-15,0.0
2004-11-16,0.0
2004-11-17,0.0
2004-11-18,0.0
2004-11-19,0.0
2004-11-20,0.0
2004-11-21,0.0
2004-11-22,0.0
2004-11-23,0.0
2004-11-24,0.0
2004-11-25,0.0
2004-11-26,0.0
2004-11-27,0.0
2004-11-28,0.0
2004-11-29,0.0
2004-11-30,0.0
2004-12-01,0.0
2004-12-02,0.0
2004-12-03,0.0
2004-12-04,0.0
2004-12-05,0.0
2004-12-06,0.0
2004-12-07,0.0
2004-12-08,0.0
2004-12-09,0.0
2004-12-10,0.0
2004-12-11,0.0
2004-12-12,0.0
2004-12-13,0.0
2004-12-14,0.0
2004-12-15,0.0
2004-12-16,0.0
2004-12-17,0.0
2004-12-18,0.0
2004-12-19,0.0
2004-12-20,0.0
2004-12-21,0.0
2004-12-22,0.0
2004-12-23,0.0
2004-12-24,0.0
2004-12-25,0.0
2004-12-26,0.0
2004-12-27,0.0
2004-12-28,0.0
2004-12-29,0.0
2004-12-30,0.0
2004-12-31,0.0
2005-01-01,0.06
2005-01-02,0.0
2005-01-03,0.0
2005-01-04,0.0
2005-01-05,0.0
2005-01-06,0.0
2005-01-07,0.0
2005-01-08,0.0
2005-01-09,0.0
2005-01-10,0.0
2005-01-11,0.0
2005-01-12,0.0
2005-01-13,0.0
2005-01-14,0.0
2005-01-15,0.0
2005-01-16,0.0
2005-01-17,0.0
2005-01-18,0.0
2005-01-19,0.0
2005-01-20,0.0
2005-01-21,0.0
2005-01-22,0.0
2005-01-23,0.0
2005-01-24,0.0
2005-01-25,0.0
2005-01-26,0.0
2005-01-27,0.0
2005-01-28,0.0
2005-01-29,0.01
2005-01-30,2.86
2005-01-31,3.0
2005-02-01,0.0
2005-02-02,0.0
2005-02-03,0.0
2005-02-04,0.0
2005-02-05,0.0
2005-02-06,0.0
2005-02-07,0.0
2005-02-08,0.0
2005-02-09,0.0
2005-02-10,0.0
2005-02-11,0.0
2005-02-12,0.0
2005-02-13,0.0
2005-02-14,0.0
2005-02-15,0.0
2005-02-16,0.0
2005-02-17,0.0
2005-02-18,0.0
2005-02-19,0.0
2005-02-20,0.0
2005-02-21,0.0
2005-02-22,0.0
2005-02-23,0.0
2005-02-24,0.0
2005-02-25,0.0
2005-02-26,0.0
2005-02-27,0.0
2005-02-28,0.0
2005-03-01,0.0
2005-03-02,0.0
2005-03-03,0.0
2005-03-04,0.0
2005-03-05,0.0
2005-03-06,0.0
2005-03-07,0.0
2005-03-08,0.64
2005-03-09,0.54
2005-03-10,0.06
2005-03-11,0.0
2005-03-12,0.0
2005-03-13,0.0
2005-03-14,0.0
2005-03-15,0.0
2005-03-16,0.0
2005-03-17,0.0
2005-03-18,0.0
2005-03-19,0.0
2005-03-20,0.0
2005-03-21,0.0
2005-03-22,0.0
2005-03-23,0.0
2005-03-24,0.0
2005-03-25,0.0
2005-03-26,0.0
2005-03-27,0.0
2005-03-28,0.0
2005-03-29,0.0
2005-03-30,0.0
2005-03-31,0.0
2005-04-01,0.0
2005-04-02,0.0
2005-04-03,0.02
2005-04-04,0.01
2005-04-05,0.0
2005-04-06,0.21
2005-04-07,0.06
2005-04-08,0.0
2005-04-09,0.0
2005-04-10,0.0
2005-04-11,0.0
2005-04-12,0.57
2005-04-13,0.14
2005-04-14,8.47
2005-04-15,6.39
2005-04-16,0.0
2005-04-17,0.17
2005-04-18,0.04
2005-04-19,0.0
2005-04-20,0.01
2005-04-21,0.0
2005-04-22,0.01
2005-04-23,1.68
2005-04-24,7.51
2005-04-25,0.36
2005-04-26,0.09
2005-04-27,0.18
2005-04-28,0.0
2005-04-29,0.0
2005-04-30,0.0
2005-05-01,0.0
2005-05-02,0.48
2005-05-03,2.06
2005-05-04,4.73
2005-05-05,1.49
2005-05-06,0.0
2005-05-07,0.0
2005-05-08,0.0
2005-05-09,0.0
2005-05-10,0.0
2005-05-11,0.0
2005-05-12,0.0
2005-05-13,0.0
2005-05-14,0.0
2005-05-15,0.0
2005-05-16,0.0
2005-05-17,0.0
2005-05-18,0.0
2005-05-19,0.0
2005-05-20,0.0
2005-05-21,0.0
2005-05-22,0.0
2005-05-23,0.0
2005-05-24,0.29
2005-05-25,0.01
2005-05-26,0.0
2005-05-27,0.0
2005-05-28,0.52
2005-05-29,10.49
2005-05-30,4.81
2005-05-31,4.59
2005-06-01,1.48
2005-06-02,0.08
2005-06-03,0.0
2005-06-04,0.01
2005-06-05,0.01
2005-06-06,0.0
2005-06-07,0.09
2005-06-08,0.01
2005-06-09,0.2
2005-06-10,4.78
2005-06-11,2.16
2005-06-12,1.45
2005-06-13,2.95
2005-06-14,44.24
2005-06-15,5.54
2005-06-16,7.31
2005-06-17,27.22
2005-06-18,11.1
2005-06-19,8.94
2005-06-20,10.21
2005-06-21,16.7
2005-06-22,13.73
2005-06-23,27.17
2005-06-24,19.96
2005-06-25,28.3
2005-06-26,79.69
2005-06-27,68.36
2005-06-28,44.77
2005-06-29,74.26
2005-06-30,39.24
2005-07-01,35.39
2005-07-02,47.13
2005-07-03,41.69
2005-07-04,25.86
2005-07-05,6.82
2005-07-06,1.03
2005-07-07,1.49
2005-07-08,0.38
2005-07-09,1.04
2005-07-10,0.93
2005-07-11,2.18
2005-07-12,1.56
2005-07-13,1.91
2005-07-14,0.85
2005-07-15,1.04
2005-07-16,1.74
2005-07-17,9.41
2005-07-18,12.35
2005-07-19,9.78
2005-07-20,16.62
2005-07-21,24.16
2005-07-22,9.58
2005-07-23,10.51
2005-07-24,17.8
2005-07-25,104.76
2005-07-26,92.04
2005-07-27,64.69
2005-07-28,20.76
2005-07-29,30.74
2005-07-30,26.83
2005-07-31,80.67
2005-08-01,121.15
2005-08-02,49.74
2005-08-03,21.54
2005-08-04,14.79
2005-08-05,16.22
2005-08-06,10.89
2005-08-07,7.72
2005-08-08,9.22
2005-08-09,4.02
2005-08-10,2.47
2005-08-11,3.18
2005-08-12,3.16
2005-08-13,5.36
2005-08-14,5.05
2005-08-15,2.27
2005-08-16,15.77
2005-08-17,12.88
2005-08-18,6.96
2005-08-19,4.41
2005-08-20,11.14
2005-08-21,12.88
2005-08-22,6.27
2005-08-23,0.6
2005-08-24,1.28
2005-08-25,2.81
2005-08-26,5.24
2005-08-27,3.59
2005-08-28,0.4
2005-08-29,2.55
2005-08-30,1.86
2005-08-31,2.93
2005-09-01,18.56
2005-09-02,16.21
2005-09-03,46.4
2005-09-04,25.97
2005-09-05,10.22
2005-09-06,3.05
2005-09-07,11.39
2005-09-08,29.44
2005-09-09,65.42
2005-09-10,15.63
2005-09-11,19.96
2005-09-12,16.95
2005-09-13,8.39
2005-09-14,7.42
2005-09-15,6.87
2005-09-16,8.54
2005-09-17,8.72
2005-09-18,4.74
2005-09-19,6.86
2005-09-20,13.55
2005-09-21,35.07
2005-09-22,28.04
2005-09-23,32.85
2005-09-24,4.42
2005-09-25,0.27
2005-09-26,0.03
2005-09-27,0.0
2005-09-28,32.52
2005-09-29,11.28
2005-09-30,15.76
2005-10-01,0.57
2005-10-02,8.56
2005-10-03,7.82
2005-10-04,2.25
2005-10-05,0.71
2005-10-06,0.0
2005-10-07,0.0
2005-10-08,0.0
2005-10-09,0.0
2005-10-10,0.0
2005-10-11,0.26
2005-10-12,3.0
2005-10-13,2.15
2005-10-14,28.5
2005-10-15,7.29
2005-10-16,3.59
2005-10-17,4.83
2005-10-18,5.22
2005-10-19,3.54
2005-10-20,0.0
2005-10-21,0.0
2005-10-22,0.0
2005-10-23,0.0
2005-10-24,0.0
2005-10-25,0.16
2005-10-26,7.34
2005-10-27,0.94
2005-10-28,0.0
2005-10-29,0.0
2005-10-30,0.0
2005-10-31,0.0
2005-11-01,0.0
2005-11-02,0.0
2005-11-03,0.0
2005-11-04,0.0
2005-11-05,0.0
2005-11-06,0.0
2005-11-07,0.0
2005-11-08,0.0
2005-11-09,0.0
2005-11-10,0.0
2005-11-11,0.0
2005-11-12,0.0
2005-11-13,0.0
2005-11-14,0.0
2005-11-15,0.0
2005-11-16,0.0
2005-11-17,0.0
2005-11-18,0.0
2005-11-19,0.0
2005-11-20,0.0
2005-11-21,0.0
2005-11-22,0.0
2005-11-23,0.0
2005-11-24,0.0
2005-11-25,0.0
2005-11-26,0.0
2005-11-27,0.0
2005-11-28,0.0
2005-11-29,0.0
2005-11-30,0.0
2005-12-01,0.0
2005-12-02,0.0
2005-12-03,0.0
2005-12-04,0.0
2005-12-05,0.0
2005-12-06,0.0
2005-12-07,0.0
2005-12-08,0.0
2005-12-09,0.0
2005-12-10,0.0
2005-12-11,0.0
2005-12-12,0.0
2005-12-13,0.0
2005-12-14,0.0
2005-12-15,0.0
2005-12-16,0.0
2005-12-17,0.0
2005-12-18,0.0
2005-12-19,0.0
2005-12-20,0.0
2005-12-21,0.0
2005-12-22,0.0
2005-12-23,0.0
2005-12-24,0.0
2005-12-25,0.0
2005-12-26,0.0
2005-12-27,0.0
2005-12-28,0.0
2005-12-29,0.0
2005-12-30,0.0
2005-12-31,0.0
2006-01-01,0.0
2006-01-02,0.0
2006-01-03,0.0
2006-01-04,0.0
2006-01-05,0.0
2006-01-06,0.0
2006-01-07,0.0
2006-01-08,0.0
2006-01-09,0.0
2006-01-10,0.0
2006-01-11,0.0
2006-01-12,0.0
2006-01-13,0.0
2006-01-14,0.0
2006-01-15,0.0
2006-01-16,0.0
2006-01-17,0.0
2006-01-18,0.0
2006-01-19,0.0
2006-01-20,0.0
2006-01-21,0.0
2006-01-22,0.0
2006-01-23,0.0
2006-01-24,0.0
2006-01-25,0.0
2006-01-26,0.0
2006-01-27,0.0
2006-01-28,0.0
2006-01-29,0.0
2006-01-30,0.0
2006-01-31,0.0
2006-02-01,0.0
2006-02-02,0.0
2006-02-03,0.0
2006-02-04,0.0
2006-02-05,0.0
2006-02-06,0.0
2006-02-07,0.0
2006-02-08,0.0
2006-02-09,0.0
2006-02-10,0.0
2006-02-11,0.0
2006-02-12,0.0
2006-02-13,0.0
2006-02-14,0.0
2006-02-15,0.0
2006-02-16,0.0
2006-02-17,0.0
2006-02-18,0.0
2006-02-19,0.0
2006-02-20,0.0
2006-02-21,0.0
2006-02-22,0.0
2006-02-23,0.0
2006-02-24,0.0
2006-02-25,0.0
2006-02-26,0.0
2006-02-27,0.0
2006-02-28,0.0
2006-03-01,0.0
2006-03-02,0.11
2006-03-03,0.04
2006-03-04,0.0
2006-03-05,0.0
2006-03-06,0.0
2006-03-07,0.0
2006-03-08,0.06
2006-03-09,5.83
2006-03-10,1.28
2006-03-11,0.0
2006-03-12,0.0
2006-03-13,0.0
2006-03-14,0.0
2006-03-15,0.0
2006-03-16,0.0
2006-03-17,0.0
2006-03-18,0.0
2006-03-19,0.0
2006-03-20,0.0
2006-03-21,0.0
2006-03-22,0.0
2006-03-23,0.0
2006-03-24,0.0
2006-03-25,0.0
2006-03-26,0.0
2006-03-27,0.0
2006-03-28,0.0
2006-03-29,0.0
2006-03-30,0.0
2006-03-31,0.07
2006-04-01,0.15
2006-04-02,0.01
2006-04-03,0.0
2006-04-04,0.0
2006-04-05,0.0
2006-04-06,0.0
2006-04-07,0.0
2006-04-08,0.0
2006-04-09,0.0
2006-04-10,0.0
2006-04-11,0.0
2006-04-12,0.0
2006-04-13,0.0
2006-04-14,0.04
2006-04-15,0.07
2006-04-16,0.01
2006-04-17,0.0
2006-04-18,0.0
2006-04-19,0.0
2006-04-20,0.0
2006-04-21,0.0
2006-04-22,0.0
2006-04-23,0.0
2006-04-24,0.0
2006-04-25,0.0
2006-04-26,0.0
2006-04-27,0.0
2006-04-28,0.0
2006-04-29,0.0
2006-04-30,0.0
2006-05-01,0.0
2006-05-02,0.0
2006-05-03,0.01
2006-05-04,0.0
2006-05-05,0.02
2006-05-06,0.15
2006-05-07,0.03
2006-05-08,0.06
2006-05-09,0.01
2006-05-10,0.04
2006-05-11,0.0
2006-05-12,0.0
2006-05-13,0.0
2006-05-14,0.0
2006-05-15,0.0
2006-05-16,0.0
2006-05-17,0.0
2006-05-18,0.0
2006-05-19,0.0
2006-05-20,0.0
2006-05-21,0.0
2006-05-22,0.0
2006-05-23,0.01
2006-05-24,0.01
2006-05-25,1.93
2006-05-26,5.07
2006-05-27,2.54
2006-05-28,1.75
2006-05-29,13.41
2006-05-30,60.11
2006-05-31,79.06
2006-06-01,14.39
2006-06-02,8.03
2006-06-03,4.37
2006-06-04,4.8
2006-06-05,1.04
2006-06-06,0.62
2006-06-07,0.57
2006-06-08,0.03
2006-06-09,0.59
2006-06-10,2.05
2006-06-11,1.37
2006-06-12,0.21
2006-06-13,0.13
2006-06-14,7.57
2006-06-15,3.3
2006-06-16,7.25
2006-06-17,4.16
2006-06-18,13.75
2006-06-19,5.69
2006-06-20,2.72
2006-06-21,3.68
2006-06-22,31.61
2006-06-23,52.17
2006-06-24,18.67
2006-06-25,5.61
2006-06-26,12.19
2006-06-27,28.52
2006-06-28,8.75
2006-06-29,28.6
2006-06-30,52.5
2006-07-01,63.12
2006-07-02,80.94
2006-07-03,80.27
2006-07-04,56.75
2006-07-05,85.27
2006-07-06,23.38
2006-07-07,8.24
2006-07-08,6.84
2006-07-09,6.72
2006-07-10,8.35
2006-07-11,6.15
2006-07-12,3.92
2006-07-13,2.67
2006-07-14,2.63
2006-07-15,1.83
2006-07-16,0.8
2006-07-17,2.39
2006-07-18,4.7
2006-07-19,4.58
2006-07-20,7.06
2006-07-21,14.75
2006-07-22,38.51
2006-07-23,25.91
2006-07-24,6.71
2006-07-25,3.45
2006-07-26,8.04
2006-07-27,28.6
2006-07-28,73.28
2006-07-29,57.76
2006-07-30,19.91
2006-07-31,17.51
2006-08-01,36.95
2006-08-02,11.03
2006-08-03,2.78
2006-08-04,9.34
2006-08-05,34.4
2006-08-06,130.07
2006-08-07,105.99
2006-08-08,96.98
2006-08-09,36.61
2006-08-10,28.83
2006-08-11,12.75
2006-08-12,7.15
2006-08-13,14.47
2006-08-14,11.46
2006-08-15,13.93
2006-08-16,49.96
2006-08-17,20.71
2006-08-18,2.55
2006-08-19,3.5
2006-08-20,2.6
2006-08-21,1.26
2006-08-22,2.93
2006-08-23,4.53
2006-08-24,5.65
2006-08-25,7.14
2006-08-26,2.86
2006-08-27,6.16
2006-08-28,2.53
2006-08-29,4.84
2006-08-30,2.13
2006-08-31,0.95
2006-09-01,12.56
2006-09-02,5.31
2006-09-03,0.6
2006-09-04,11.74
2006-09-05,7.48
2006-09-06,2.42
2006-09-07,0.48
2006-09-08,51.67
2006-09-09,8.66
2006-09-10,4.74
2006-09-11,8.08
2006-09-12,2.17
2006-09-13,4.65
2006-09-14,27.79
2006-09-15,16.37
2006-09-16,34.25
2006-09-17,20.45
2006-09-18,6.31
2006-09-19,1.62
2006-09-20,15.28
2006-09-21,13.86
2006-09-22,6.01
2006-09-23,3.22
2006-09-24,0.29
2006-09-25,1.34
2006-09-26,1.57
2006-09-27,0.12
2006-09-28,1.09
2006-09-29,12.66
2006-09-30,14.24
2006-10-01,22.04
2006-10-02,27.22
2006-10-03,6.82
2006-10-04,16.02
2006-10-05,4.61
2006-10-06,5.82
2006-10-07,0.81
2006-10-08,3.69
2006-10-09,0.77
2006-10-10,2.66
2006-10-11,0.3
2006-10-12,0.0
2006-10-13,0.03
2006-10-14,0.01
2006-10-15,0.0
2006-10-16,0.02
2006-10-17,0.0
2006-10-18,0.0
2006-10-19,0.0
2006-10-20,0.0
2006-10-21,0.0
2006-10-22,0.0
2006-10-23,1.66
2006-10-24,0.1
2006-10-25,0.0
2006-10-26,0.0
2006-10-27,0.0
2006-10-28,0.0
2006-10-29,0.03
2006-10-30,0.0
2006-10-31,0.09
2006-11-01,3.82
2006-11-02,1.41
2006-11-03,3.38
2006-11-04,0.11
2006-11-05,2.37
2006-11-06,5.64
2006-11-07,5.15
2006-11-08,1.45
2006-11-09,0.01
2006-11-10,0.0
2006-11-11,0.0
2006-11-12,0.0
2006-11-13,0.0
2006-11-14,0.0
2006-11-15,0.0
2006-11-16,0.0
2006-11-17,0.0
2006-11-18,0.0
2006-11-19,0.0
2006-11-20,0.0
2006-11-21,0.15
2006-11-22,0.33
2006-11-23,2.45
2006-11-24,7.75
2006-11-25,4.22
2006-11-26,0.25
2006-11-27,0.01
2006-11-28,0.77
2006-11-29,1.01
2006-11-30,0.16
2006-12-01,0.21
2006-12-02,0.01
2006-12-03,0.0
2006-12-04,0.0
2006-12-05,0.0
2006-12-06,0.0
2006-12-07,0.0
2006-12-08,0.0
2006-12-09,0.0
2006-12-10,0.0
2006-12-11,0.0
2006-12-12,0.0
2006-12-13,0.0
2006-12-14,0.0
2006-12-15,0.0
2006-12-16,0.0
2006-12-17,0.0
2006-12-18,0.0
2006-12-19,0.0
2006-12-20,0.0
2006-12-21,0.0
2006-12-22,0.0
2006-12-23,0.0
2006-12-24,0.0
2006-12-25,0.0
2006-12-26,0.0
2006-12-27,0.0
2006-12-28,0.0
2006-12-29,0.0
2006-12-30,0.0
2006-12-31,0.0
2007-01-01,0.0
2007-01-02,0.0
2007-01-03,0.0
2007-01-04,0.0
2007-01-05,0.0
2007-01-06,0.0
2007-01-07,0.0
2007-01-08,0.0
2007-01-09,0.0
2007-01-10,0.0
2007-01-11,0.0
2007-01-12,0.0
2007-01-13,0.0
2007-01-14,0.0
2007-01-15,0.0
2007-01-16,0.0
2007-01-17,0.0
2007-01-18,0.0
2007-01-19,0.0
2007-01-20,0.0
2007-01-21,0.0
2007-01-22,0.0
2007-01-23,0.0
2007-01-24,0.0
2007-01-25,0.0
2007-01-26,0.0
2007-01-27,0.0
2007-01-28,0.0
2007-01-29,0.0
2007-01-30,0.0
2007-01-31,0.0
2007-02-01,0.0
2007-02-02,0.0
2007-02-03,0.0
2007-02-04,0.0
2007-02-05,0.0
2007-02-06,0.0
2007-02-07,0.0
2007-02-08,0.0
2007-02-09,0.0
2007-02-10,0.0
2007-02-11,0.0
2007-02-12,0.03
2007-02-13,0.0
2007-02-14,0.0
2007-02-15,0.0
2007-02-16,0.0
2007-02-17,0.0
2007-02-18,0.0
2007-02-19,0.0
2007-02-20,0.0
2007-02-21,0.0
2007-02-22,0.0
2007-02-23,0.0
2007-02-24,0.0
2007-02-25,0.0
2007-02-26,0.0
2007-02-27,0.0
2007-02-28,0.0
2007-03-01,0.0
2007-03-02,0.0
2007-03-03,0.0
2007-03-04,0.0
2007-03-05,0.0
2007-03-06,0.0
2007-03-07,0.0
2007-03-08,0.0
2007-03-09,0.0
2007-03-10,0.0
2007-03-11,0.0
2007-03-12,0.0
2007-03-13,0.0
2007-03-14,0.0
2007-03-15,0.0
2007-03-16,0.0
2007-03-17,0.0
2007-03-18,0.0
2007-03-19,0.0
2007-03-20,0.0
2007-03-21,0.0
2007-03-22,0.0
2007-03-23,0.0
2007-03-24,0.0
2007-03-25,0.0
2007-03-26,0.0
2007-03-27,0.0
2007-03-28,0.0
2007-03-29,0.0
2007-03-30,0.0
2007-03-31,0.0
2007-04-01,0.0
2007-04-02,0.0
2007-04-03,0.0
2007-04-04,0.0
2007-04-05,0.0
2007-04-06,0.0
2007-04-07,0.39
2007-04-08,0.0
2007-04-09,0.0
2007-04-10,0.0
2007-04-11,0.0
2007-04-12,0.0
2007-04-13,0.0
2007-04-14,0.0
2007-04-15,3.31
2007-04-16,3.15
2007-04-17,0.04
2007-04-18,0.01
2007-04-19,0.34
2007-04-20,1.42
2007-04-21,0.26
2007-04-22,0.0
2007-04-23,0.0
2007-04-24,0.0
2007-04-25,0.0
2007-04-26,0.0
2007-04-27,0.0
2007-04-28,0.0
2007-04-29,0.01
2007-04-30,0.0
2007-05-01,0.49
2007-05-02,0.71
2007-05-03,0.0
2007-05-04,0.0
2007-05-05,0.0
2007-05-06,0.52
2007-05-07,0.67
2007-05-08,0.0
2007-05-09,0.0
2007-05-10,0.0
2007-05-11,0.0
2007-05-12,0.0
2007-05-13,0.0
2007-05-14,0.0
2007-05-15,0.0
2007-05-16,0.0
2007-05-17,0.0
2007-05-18,0.32
2007-05-19,0.03
2007-05-20,0.0
2007-05-21,0.11
2007-05-22,0.7
2007-05-23,0.74
2007-05-24,0.4
2007-05-25,0.04
2007-05-26,0.01
2007-05-27,0.05
2007-05-28,0.21
2007-05-29,0.03
2007-05-30,0.12
2007-05-31,1.52
2007-06-01,4.96
2007-06-02,4.56
2007-06-03,7.38
2007-06-04,0.6
2007-06-05,1.14
2007-06-06,0.91
2007-06-07,0.94
2007-06-08,0.63
2007-06-09,0.09
2007-06-10,2.85
2007-06-11,0.65
2007-06-12,0.08
2007-06-13,2.28
2007-06-14,6.16
2007-06-15,1.84
2007-06-16,3.02
2007-06-17,11.42
2007-06-18,7.44
2007-06-19,9.44
2007-06-20,17.56
2007-06-21,10.98
2007-06-22,55.76
2007-06-23,171.61
2007-06-24,47.31
2007-06-25,18.1
2007-06-26,11.36
2007-06-27,11.2
2007-06-28,35.71
2007-06-29,35.68
2007-06-30,74.83
2007-07-01,124.21
2007-07-02,104.11
2007-07-03,70.66
2007-07-04,17.51
2007-07-05,18.73
2007-07-06,4.77
2007-07-07,4.57
2007-07-08,5.25
2007-07-09,3.87
2007-07-10,1.04
2007-07-11,1.15
2007-07-12,3.32
2007-07-13,6.11
2007-07-14,3.55
2007-07-15,2.52
2007-07-16,2.66
2007-07-17,1.73
2007-07-18,2.62
2007-07-19,1.27
2007-07-20,1.33
2007-07-21,1.69
2007-07-22,0.42
2007-07-23,2.82
2007-07-24,3.0
2007-07-25,6.11
2007-07-26,31.49
2007-07-27,33.36
2007-07-28,21.98
2007-07-29,26.83
2007-07-30,7.7
2007-07-31,1.31
2007-08-01,8.81
2007-08-02,14.45
2007-08-03,35.46
2007-08-04,22.64
2007-08-05,21.05
2007-08-06,12.82
2007-08-07,26.21
2007-08-08,22.5
2007-08-09,9.02
2007-08-10,6.61
2007-08-11,5.65
2007-08-12,3.44
2007-08-13,4.07
2007-08-14,4.36
2007-08-15,4.18
2007-08-16,1.72
2007-08-17,1.58
2007-08-18,3.98
2007-08-19,8.76
2007-08-20,4.56
2007-08-21,1.87
2007-08-22,5.93
2007-08-23,3.12
2007-08-24,0.88
2007-08-25,12.48
2007-08-26,63.79
2007-08-27,19.25
2007-08-28,5.92
2007-08-29,23.22
2007-08-30,15.99
2007-08-31,9.16
2007-09-01,4.82
2007-09-02,6.65
2007-09-03,5.35
2007-09-04,5.77
2007-09-05,14.15
2007-09-06,5.77
2007-09-07,7.2
2007-09-08,0.59
2007-09-09,0.19
2007-09-10,0.38
2007-09-11,30.42
2007-09-12,7.08
2007-09-13,3.81
2007-09-14,2.0
2007-09-15,1.24
2007-09-16,0.13
2007-09-17,0.8
2007-09-18,59.59
2007-09-19,37.59
2007-09-20,9.54
2007-09-21,10.49
2007-09-22,10.15
2007-09-23,6.74
2007-09-24,9.46
2007-09-25,10.55
2007-09-26,10.38
2007-09-27,14.67
2007-09-28,10.9
2007-09-29,0.65
2007-09-30,0.0
2007-10-01,0.0
2007-10-02,0.0
2007-10-03,1.14
2007-10-04,0.18
2007-10-05,0.62
2007-10-06,0.28
2007-10-07,0.01
2007-10-08,1.49
2007-10-09,0.29
2007-10-10,0.0
2007-10-11,1.32
2007-10-12,2.04
2007-10-13,0.01
2007-10-14,0.0
2007-10-15,0.0
2007-10-16,0.0
2007-10-17,0.0
2007-10-18,0.0
2007-10-19,0.0
2007-10-20,0.0
2007-10-21,0.0
2007-10-22,0.0
2007-10-23,0.0
2007-10-24,0.0
2007-10-25,0.0
2007-10-26,0.0
2007-10-27,0.0
2007-10-28,0.0
2007-10-29,0.0
2007-10-30,0.0
2007-10-31,1.88
2007-11-01,5.74
2007-11-02,0.94
2007-11-03,0.41
2007-11-04,0.06
2007-11-05,0.0
2007-11-06,0.36
2007-11-07,1.96
2007-11-08,0.19
2007-11-09,0.0
2007-11-10,0.0
2007-11-11,0.0
2007-11-12,0.0
2007-11-13,0.0
2007-11-14,0.0
2007-11-15,0.0
2007-11-16,0.0
2007-11-17,0.0
2007-11-18,0.0
2007-11-19,0.0
2007-11-20,0.0
2007-11-21,0.0
2007-11-22,0.0
2007-11-23,0.0
2007-11-24,0.0
2007-11-25,0.0
2007-11-26,0.0
2007-11-27,0.0
2007-11-28,0.0
2007-11-29,0.0
2007-11-30,0.0
2007-12-01,0.0
2007-12-02,0.0
2007-12-03,0.0
2007-12-04,0.0
2007-12-05,0.0
2007-12-06,0.0
2007-12-07,0.0
2007-12-08,0.0
2007-12-09,0.0
2007-12-10,0.0
2007-12-11,0.0
2007-12-12,0.0
2007-12-13,0.0
2007-12-14,0.0
2007-12-15,0.0
2007-12-16,0.0
2007-12-17,0.0
2007-12-18,0.0
2007-12-19,0.0
2007-12-20,0.0
2007-12-21,0.0
2007-12-22,0.0
2007-12-23,0.0
2007-12-24,0.0
2007-12-25,0.0
2007-12-26,0.0
2007-12-27,0.0
2007-12-28,0.0
2007-12-29,0.0
2007-12-30,0.0
2007-12-31,0.0
2008-01-01,0.0
2008-01-02,0.0
2008-01-03,0.0
2008-01-04,0.0
2008-01-05,0.0
2008-01-06,0.0
2008-01-07,0.0
2008-01-08,0.0
2008-01-09,0.0
2008-01-10,0.0
2008-01-11,0.0
2008-01-12,0.0
2008-01-13,0.0
2008-01-14,0.0
2008-01-15,0.0
2008-01-16,0.0
2008-01-17,0.0
2008-01-18,0.0
2008-01-19,0.0
2008-01-20,0.0
2008-01-21,0.0
2008-01-22,0.0
2008-01-23,0.0
2008-01-24,0.0
2008-01-25,0.0
2008-01-26,0.0
2008-01-27,0.0
2008-01-28,0.0
2008-01-29,0.0
2008-01-30,0.0
2008-01-31,0.0
2008-02-01,0.0
2008-02-02,0.0
2008-02-03,0.0
2008-02-04,0.0
2008-02-05,0.0
2008-02-06,0.0
2008-02-07,0.0
2008-02-08,0.0
2008-02-09,0.0
2008-02-10,0.0
2008-02-11,0.0
2008-02-12,0.0
2008-02-13,0.0
2008-02-14,0.0
2008-02-15,0.0
2008-02-16,0.0
2008-02-17,0.0
2008-02-18,0.0
2008-02-19,0.0
2008-02-20,0.0
2008-02-21,0.0
2008-02-22,0.0
2008-02-23,0.0
2008-02-24,0.0
2008-02-25,0.0
2008-02-26,0.0
2008-02-27,0.0
2008-02-28,0.0
2008-02-29,0.0
2008-03-01,0.0
2008-03-02,0.0
2008-03-03,0.0
2008-03-04,0.0
2008-03-05,0.0
2008-03-06,0.0
2008-03-07,0.0
2008-03-08,0.0
2008-03-09,0.0
2008-03-10,0.0
2008-03-11,0.0
2008-03-12,0.0
2008-03-13,0.0
2008-03-14,0.07
2008-03-15,0.0
2008-03-16,0.0
2008-03-17,0.02
2008-03-18,0.05
2008-03-19,0.01
2008-03-20,0.0
2008-03-21,1.82
2008-03-22,5.05
2008-03-23,7.43
2008-03-24,0.74
2008-03-25,0.24
2008-03-26,0.41
2008-03-27,0.23
2008-03-28,0.01
2008-03-29,0.0
2008-03-30,0.0
2008-03-31,0.0
2008-04-01,0.0
2008-04-02,0.0
2008-04-03,0.0
2008-04-04,0.0
2008-04-05,0.0
2008-04-06,0.01
2008-04-07,0.42
2008-04-08,0.0
2008-04-09,0.0
2008-04-10,0.0
2008-04-11,0.0
2008-04-12,0.0
2008-04-13,0.0
2008-04-14,0.0
2008-04-15,0.0
2008-04-16,0.0
2008-04-17,0.0
2008-04-18,0.0
2008-04-19,0.0
2008-04-20,0.0
2008-04-21,0.0
2008-04-22,0.0
2008-04-23,0.0
2008-04-24,0.0
2008-04-25,0.0
2008-04-26,0.0
2008-04-27,0.0
2008-04-28,0.0
2008-04-29,0.0
2008-04-30,0.0
2008-05-01,0.0
2008-05-02,0.0
2008-05-03,0.0
2008-05-04,0.0
2008-05-05,0.0
2008-05-06,0.0
2008-05-07,0.0
2008-05-08,0.0
2008-05-09,0.0
2008-05-10,0.0
2008-05-11,0.0
2008-05-12,0.0
2008-05-13,0.0
2008-05-14,0.0
2008-05-15,0.0
2008-05-16,0.0
2008-05-17,0.0
2008-05-18,0.25
2008-05-19,0.09
2008-05-20,0.0
2008-05-21,0.01
2008-05-22,1.38
2008-05-23,0.7
2008-05-24,1.45
2008-05-25,0.74
2008-05-26,2.69
2008-05-27,2.51
2008-05-28,0.19
2008-05-29,0.0
2008-05-30,0.0
2008-05-31,0.0
2008-06-01,0.0
2008-06-02,0.09
2008-06-03,20.66
2008-06-04,10.41
2008-06-05,8.0
2008-06-06,28.46
2008-06-07,20.47
2008-06-08,26.24
2008-06-09,21.82
2008-06-10,11.14
2008-06-11,37.43
2008-06-12,4.68
2008-06-13,3.63
2008-06-14,19.76
2008-06-15,6.0
2008-06-16,0.26
2008-06-17,0.82
2008-06-18,0.45
2008-06-19,0.09
2008-06-20,0.15
2008-06-21,0.52
2008-06-22,1.28
2008-06-23,0.69
2008-06-24,2.37
2008-06-25,5.57
2008-06-26,3.19
2008-06-27,1.57
2008-06-28,7.27
2008-06-29,54.32
2008-06-30,50.48
2008-07-01,25.83
2008-07-02,11.44
2008-07-03,12.88
2008-07-04,13.7
2008-07-05,3.8
2008-07-06,1.3
2008-07-07,2.88
2008-07-08,1.32
2008-07-09,0.99
2008-07-10,15.53
2008-07-11,8.5
2008-07-12,2.81
2008-07-13,0.68
2008-07-14,0.28
2008-07-15,2.66
2008-07-16,1.3
2008-07-17,0.22
2008-07-18,0.03
2008-07-19,0.02
2008-07-20,0.14
2008-07-21,0.07
2008-07-22,0.23
2008-07-23,2.51
2008-07-24,18.1
2008-07-25,24.95
2008-07-26,15.44
2008-07-27,35.54
2008-07-28,41.55
2008-07-29,19.27
2008-07-30,9.22
2008-07-31,1.19
2008-08-01,10.27
2008-08-02,7.56
2008-08-03,5.08
2008-08-04,6.6
2008-08-05,28.24
2008-08-06,14.02
2008-08-07,8.43
2008-08-08,17.98
2008-08-09,47.96
2008-08-10,86.16
2008-08-11,55.85
2008-08-12,20.7
2008-08-13,21.37
2008-08-14,12.04
2008-08-15,5.64
2008-08-16,3.03
2008-08-17,2.21
2008-08-18,0.54
2008-08-19,0.1
2008-08-20,0.44
2008-08-21,0.92
2008-08-22,0.51
2008-08-23,2.93
2008-08-24,1.11
2008-08-25,3.26
2008-08-26,3.45
2008-08-27,0.07
2008-08-28,0.11
2008-08-29,0.04
2008-08-30,2.26
2008-08-31,51.38
2008-09-01,29.07
2008-09-02,70.17
2008-09-03,13.15
2008-09-04,7.62
2008-09-05,5.43
2008-09-06,3.44
2008-09-07,1.82
2008-09-08,43.24
2008-09-09,40.88
2008-09-10,27.21
2008-09-11,17.34
2008-09-12,20.34
2008-09-13,10.46
2008-09-14,13.35
2008-09-15,11.25
2008-09-16,22.46
2008-09-17,11.34
2008-09-18,3.61
2008-09-19,26.71
2008-09-20,20.9
2008-09-21,2.37
2008-09-22,0.23
2008-09-23,0.01
2008-09-24,0.37
2008-09-25,0.03
2008-09-26,0.0
2008-09-27,0.0
2008-09-28,0.01
2008-09-29,0.0
2008-09-30,0.0
2008-10-01,0.0
2008-10-02,0.41
2008-10-03,6.0
2008-10-04,2.97
2008-10-05,2.08
2008-10-06,0.74
2008-10-07,11.36
2008-10-08,2.79
2008-10-09,0.87
2008-10-10,3.51
2008-10-11,1.2
2008-10-12,0.18
2008-10-13,0.0
2008-10-14,0.0
2008-10-15,0.0
2008-10-16,0.0
2008-10-17,0.01
2008-10-18,0.44
2008-10-19,0.3
2008-10-20,0.0
2008-10-21,0.0
2008-10-22,0.0
2008-10-23,0.0
2008-10-24,0.0
2008-10-25,0.0
2008-10-26,0.0
2008-10-27,0.0
2008-10-28,0.0
2008-10-29,0.0
2008-10-30,0.0
2008-10-31,0.0
2008-11-01,0.0
2008-11-02,0.0
2008-11-03,0.0
2008-11-04,0.0
2008-11-05,0.0
2008-11-06,0.0
2008-11-07,0.0
2008-11-08,0.0
2008-11-09,0.0
2008-11-10,0.0
2008-11-11,0.0
2008-11-12,0.0
2008-11-13,0.0
2008-11-14,0.0
2008-11-15,0.0
2008-11-16,0.16
2008-11-17,0.06
2008-11-18,0.01
2008-11-19,0.0
2008-11-20,1.21
2008-11-21,0.12
2008-11-22,0.08
2008-11-23,0.01
2008-11-24,0.0
2008-11-25,0.0
2008-11-26,0.0
2008-11-27,0.0
2008-11-28,0.03
2008-11-29,0.31
2008-11-30,4.41
2008-12-01,12.49
2008-12-02,1.68
2008-12-03,0.06
2008-12-04,0.0
2008-12-05,0.0
2008-12-06,0.0
2008-12-07,0.0
2008-12-08,0.0
2008-12-09,0.0
2008-12-10,0.0
2008-12-11,0.0
2008-12-12,0.0
2008-12-13,0.0
2008-12-14,0.0
2008-12-15,0.0
2008-12-16,0.0
2008-12-17,0.0
2008-12-18,0.0
2008-12-19,0.0
2008-12-20,0.0
2008-12-21,0.0
2008-12-22,0.0
2008-12-23,0.0
2008-12-24,0.0
2008-12-25,0.0
2008-12-26,0.0
2008-12-27,0.0
2008-12-28,0.0
2008-12-29,0.0
2008-12-30,0.0
2008-12-31,0.0
2009-01-01,0.0
2009-01-02,0.0
2009-01-03,0.0
2009-01-04,0.0
2009-01-05,0.0
2009-01-06,0.0
2009-01-07,0.0
2009-01-08,0.0
2009-01-09,0.0
2009-01-10,0.0
2009-01-11,0.0
2009-01-12,0.0
2009-01-13,0.0
2009-01-14,0.0
2009-01-15,0.0
2009-01-16,0.0
2009-01-17,0.0
2009-01-18,0.0
2009-01-19,0.0
2009-01-20,0.0
2009-01-21,0.0
2009-01-22,0.0
2009-01-23,0.0
2009-01-24,0.0
2009-01-25,0.0
2009-01-26,0.0
2009-01-27,0.0
2009-01-28,0.0
2009-01-29,0.0
2009-01-30,0.0
2009-01-31,0.0
2009-02-01,0.0
2009-02-02,0.0
2009-02-03,0.0
2009-02-04,0.0
2009-02-05,0.0
2009-02-06,0.0
2009-02-07,0.0
2009-02-08,0.0
2009-02-09,0.0
2009-02-10,0.0
2009-02-11,0.0
2009-02-12,0.0
2009-02-13,0.0
2009-02-14,0.0
2009-02-15,0.0
2009-02-16,0.0
2009-02-17,0.0
2009-02-18,0.0
2009-02-19,0.0
2009-02-20,0.0
2009-02-21,0.0
2009-02-22,0.0
2009-02-23,0.0
2009-02-24,0.0
2009-02-25,0.0
2009-02-26,0.0
2009-02-27,0.0
2009-02-28,0.0
2009-03-01,0.0
2009-03-02,0.0
2009-03-03,0.0
2009-03-04,0.0
2009-03-05,0.0
2009-03-06,0.0
2009-03-07,0.0
2009-03-08,0.0
2009-03-09,0.0
2009-03-10,0.0
2009-03-11,0.0
2009-03-12,0.0
2009-03-13,1.62
2009-03-14,0.26
2009-03-15,1.32
2009-03-16,0.01
2009-03-17,0.0
2009-03-18,0.0
2009-03-19,0.0
2009-03-20,0.0
2009-03-21,0.0
2009-03-22,0.0
2009-03-23,0.0
2009-03-24,0.0
2009-03-25,0.0
2009-03-26,0.0
2009-03-27,0.0
2009-03-28,0.0
2009-03-29,0.0
2009-03-30,0.0
2009-03-31,0.0
2009-04-01,0.01
2009-04-02,0.01
2009-04-03,0.0
2009-04-04,0.0
2009-04-05,0.0
2009-04-06,0.0
2009-04-07,0.53
2009-04-08,0.2
2009-04-09,0.0
2009-04-10,0.0
2009-04-11,0.0
2009-04-12,0.0
2009-04-13,0.0
2009-04-14,0.0
2009-04-15,0.0
2009-04-16,0.0
2009-04-17,0.0
2009-04-18,0.0
2009-04-19,0.0
2009-04-20,0.0
2009-04-21,0.0
2009-04-22,0.0
2009-04-23,0.0
2009-04-24,0.0
2009-04-25,0.0
2009-04-26,0.0
2009-04-27,0.0
2009-04-28,0.0
2009-04-29,0.0
2009-04-30,0.0
2009-05-01,0.0
2009-05-02,0.0
2009-05-03,0.0
2009-05-04,0.0
2009-05-05,0.0
2009-05-06,0.0
2009-05-07,0.0
2009-05-08,0.0
2009-05-09,0.0
2009-05-10,0.0
2009-05-11,0.0
2009-05-12,0.0
2009-05-13,0.0
2009-05-14,0.01
2009-05-15,0.11
2009-05-16,0.0
2009-05-17,1.15
2009-05-18,0.4
2009-05-19,0.02
2009-05-20,0.7
2009-05-21,0.65
2009-05-22,0.03
2009-05-23,0.0
2009-05-24,0.0
2009-05-25,0.0
2009-05-26,0.05
2009-05-27,0.02
2009-05-28,0.0
2009-05-29,0.0
2009-05-30,0.0
2009-05-31,0.0
2009-06-01,0.14
2009-06-02,0.03
2009-06-03,0.02
2009-06-04,0.01
2009-06-05,41.61
2009-06-06,31.46
2009-06-07,6.78
2009-06-08,1.16
2009-06-09,0.24
2009-06-10,0.0
2009-06-11,0.13
2009-06-12,0.02
2009-06-13,0.0
2009-06-14,0.01
2009-06-15,0.0
2009-06-16,0.0
2009-06-17,0.0
2009-06-18,1.66
2009-06-19,0.27
2009-06-20,43.86
2009-06-21,5.71
2009-06-22,1.56
2009-06-23,3.01
2009-06-24,3.57
2009-06-25,6.62
2009-06-26,14.52
2009-06-27,10.41
2009-06-28,6.2
2009-06-29,3.9
2009-06-30,2.16
2009-07-01,4.54
2009-07-02,21.82
2009-07-03,21.86
2009-07-04,41.99
2009-07-05,10.01
2009-07-06,10.66
2009-07-07,19.99
2009-07-08,20.64
2009-07-09,21.78
2009-07-10,15.29
2009-07-11,6.72
2009-07-12,3.49
2009-07-13,41.64
2009-07-14,115.25
2009-07-15,86.16
2009-07-16,17.29
2009-07-17,8.2
2009-07-18,6.87
2009-07-19,5.68
2009-07-20,7.4
2009-07-21,28.41
2009-07-22,44.06
2009-07-23,24.9
2009-07-24,11.2
2009-07-25,4.58
2009-07-26,4.84
2009-07-27,5.99
2009-07-28,4.92
2009-07-29,1.29
2009-07-30,0.4
2009-07-31,0.12
2009-08-01,0.71
2009-08-02,0.74
2009-08-03,0.62
2009-08-04,0.36
2009-08-05,0.13
2009-08-06,0.53
2009-08-07,2.76
2009-08-08,2.8
2009-08-09,0.89
2009-08-10,0.98
2009-08-11,1.53
2009-08-12,0.78
2009-08-13,0.28
2009-08-14,0.13
2009-08-15,3.0
2009-08-16,2.2
2009-08-17,2.09
2009-08-18,17.0
2009-08-19,95.05
2009-08-20,84.04
2009-08-21,31.8
2009-08-22,32.84
2009-08-23,13.65
2009-08-24,32.84
2009-08-25,16.05
2009-08-26,2.88
2009-08-27,1.83
2009-08-28,2.13
2009-08-29,6.69
2009-08-30,3.19
2009-08-31,2.03
2009-09-01,8.12
2009-09-02,5.1
2009-09-03,33.28
2009-09-04,25.09
2009-09-05,6.62
2009-09-06,3.96
2009-09-07,2.63
2009-09-08,0.76
2009-09-09,0.07
2009-09-10,1.1
2009-09-11,1.68
2009-09-12,3.13
2009-09-13,1.19
2009-09-14,16.78
2009-09-15,3.76
2009-09-16,0.1
2009-09-17,4.01
2009-09-18,0.22
2009-09-19,1.76
2009-09-20,0.31
2009-09-21,8.42
2009-09-22,22.16
2009-09-23,5.32
2009-09-24,3.52
2009-09-25,0.7
2009-09-26,0.01
2009-09-27,0.3
2009-09-28,0.95
2009-09-29,11.42
2009-09-30,7.99
2009-10-01,6.01
2009-10-02,9.63
2009-10-03,16.06
2009-10-04,39.55
2009-10-05,44.7
2009-10-06,16.02
2009-10-07,4.99
2009-10-08,0.99
2009-10-09,0.03
2009-10-10,0.0
2009-10-11,0.0
2009-10-12,13.33
2009-10-13,3.6
2009-10-14,0.03
2009-10-15,0.0
2009-10-16,0.12
2009-10-17,0.0
2009-10-18,0.0
2009-10-19,0.0
2009-10-20,0.0
2009-10-21,0.0
2009-10-22,0.25
2009-10-23,0.01
2009-10-24,0.0
2009-10-25,0.0
2009-10-26,0.0
2009-10-27,0.0
2009-10-28,0.0
2009-10-29,0.0
2009-10-30,0.0
2009-10-31,0.0
2009-11-01,0.0
2009-11-02,0.0
2009-11-03,0.0
2009-11-04,0.0
2009-11-05,0.0
2009-11-06,0.0
2009-11-07,0.0
2009-11-08,0.51
2009-11-09,1.43
2009-11-10,48.54
2009-11-11,43.54
2009-11-12,3.63
2009-11-13,0.03
2009-11-14,3.19
2009-11-15,18.02
2009-11-16,6.0
2009-11-17,7.87
2009-11-18,0.36
2009-11-19,0.01
2009-11-20,0.0
2009-11-21,0.0
2009-11-22,0.0
2009-11-23,0.0
2009-11-24,0.0
2009-11-25,0.0
2009-11-26,0.0
2009-11-27,0.0
2009-11-28,0.0
2009-11-29,0.0
2009-11-30,0.0
2009-12-01,0.0
2009-12-02,0.0
2009-12-03,0.0
2009-12-04,0.0
2009-12-05,0.0
2009-12-06,0.0
2009-12-07,0.0
2009-12-08,0.0
2009-12-09,0.0
2009-12-10,0.0
2009-12-11,0.0
2009-12-12,0.0
2009-12-13,0.0
2009-12-14,0.0
2009-12-15,0.0
2009-12-16,0.0
2009-12-17,0.15
2009-12-18,0.0
2009-12-19,0.0
2009-12-20,0.0
2009-12-21,0.0
2009-12-22,0.0
2009-12-23,0.0
2009-12-24,0.0
2009-12-25,0.0
2009-12-26,0.0
2009-12-27,0.0
2009-12-28,0.01
2009-12-29,0.02
2009-12-30,0.0
2009-12-31,0.0
2010-01-01,0.0
2010-01-02,0.32
2010-01-03,0.04
2010-01-04,0.0
2010-01-05,0.0
2010-01-06,0.0
2010-01-07,0.0
2010-01-08,0.0
2010-01-09,0.0
2010-01-10,0.0
2010-01-11,0.56
2010-01-12,0.75
2010-01-13,0.03
2010-01-14,0.0
2010-01-15,0.0
2010-01-16,0.0
2010-01-17,0.0
2010-01-18,0.0
2010-01-19,0.0
2010-01-20,0.0
2010-01-21,0.0
2010-01-22,0.0
2010-01-23,0.0
2010-01-24,0.0
2010-01-25,0.0
2010-01-26,0.0
2010-01-27,0.0
2010-01-28,0.0
2010-01-29,0.0
2010-01-30,0.0
2010-01-31,0.0
2010-02-01,0.0
2010-02-02,0.0
2010-02-03,0.0
2010-02-04,0.0
2010-02-05,0.0
2010-02-06,0.0
2010-02-07,0.0
2010-02-08,0.0
2010-02-09,0.0
2010-02-10,0.0
2010-02-11,0.01
2010-02-12,0.02
2010-02-13,0.02
2010-02-14,0.0
2010-02-15,0.02
2010-02-16,0.0
2010-02-17,0.0
2010-02-18,0.0
2010-02-19,0.0
2010-02-20,0.0
2010-02-21,0.0
2010-02-22,0.0
2010-02-23,0.0
2010-02-24,0.0
2010-02-25,0.0
2010-02-26,0.0
2010-02-27,0.0
2010-02-28,0.0
2010-03-01,0.0
2010-03-02,0.0
2010-03-03,0.0
2010-03-04,0.0
2010-03-05,0.0
2010-03-06,0.0
2010-03-07,0.0
2010-03-08,0.0
2010-03-09,0.0
2010-03-10,0.05
2010-03-11,0.06
2010-03-12,11.71
2010-03-13,0.05
2010-03-14,0.0
2010-03-15,0.0
2010-03-16,0.0
2010-03-17,0.0
2010-03-18,0.0
2010-03-19,0.0
2010-03-20,0.0
2010-03-21,0.0
2010-03-22,0.0
2010-03-23,0.0
2010-03-24,0.0
2010-03-25,0.0
2010-03-26,0.0
2010-03-27,0.0
2010-03-28,0.0
2010-03-29,0.0
2010-03-30,0.0
2010-03-31,0.0
2010-04-01,0.0
2010-04-02,0.0
2010-04-03,0.0
2010-04-04,0.0
2010-04-05,0.0
2010-04-06,0.0
2010-04-07,0.0
2010-04-08,0.0
2010-04-09,0.0
2010-04-10,0.0
2010-04-11,0.0
2010-04-12,0.0
2010-04-13,0.0
2010-04-14,0.0
2010-04-15,0.0
2010-04-16,0.03
2010-04-17,0.0
2010-04-18,0.0
2010-04-19,0.0
2010-04-20,0.0
2010-04-21,0.0
2010-04-22,0.0
2010-04-23,0.0
2010-04-24,0.0
2010-04-25,0.0
2010-04-26,0.0
2010-04-27,0.0
2010-04-28,0.0
2010-04-29,0.11
2010-04-30,0.33
2010-05-01,0.82
2010-05-02,1.21
2010-05-03,0.42
2010-05-04,0.03
2010-05-05,0.01
2010-05-06,0.0
2010-05-07,0.9
2010-05-08,0.23
2010-05-09,0.0
2010-05-10,0.0
2010-05-11,0.0
2010-05-12,0.0
2010-05-13,0.0
2010-05-14,0.0
2010-05-15,0.0
2010-05-16,0.0
2010-05-17,0.0
2010-05-18,0.0
2010-05-19,0.0
2010-05-20,0.0
2010-05-21,0.0
2010-05-22,0.0
2010-05-23,0.0
2010-05-24,0.0
2010-05-25,0.0
2010-05-26,0.0
2010-05-27,0.0
2010-05-28,0.0
2010-05-29,0.0
2010-05-30,0.0
2010-05-31,14.51
2010-06-01,47.93
2010-06-02,12.81
2010-06-03,2.92
2010-06-04,0.77
2010-06-05,0.07
2010-06-06,1.68
2010-06-07,4.08
2010-06-08,1.49
2010-06-09,1.06
2010-06-10,14.88
2010-06-11,51.79
2010-06-12,12.76
2010-06-13,10.71
2010-06-14,86.36
2010-06-15,71.03
2010-06-16,32.7
2010-06-17,10.02
2010-06-18,8.75
2010-06-19,4.09
2010-06-20,2.68
2010-06-21,0.71
2010-06-22,17.43
2010-06-23,20.7
2010-06-24,25.76
2010-06-25,7.45
2010-06-26,1.59
2010-06-27,3.48
2010-06-28,8.38
2010-06-29,1.56
2010-06-30,3.51
2010-07-01,18.39
2010-07-02,11.72
2010-07-03,15.37
2010-07-04,2.91
2010-07-05,11.48
2010-07-06,10.36
2010-07-07,30.11
2010-07-08,21.31
2010-07-09,9.03
2010-07-10,9.5
2010-07-11,3.41
2010-07-12,5.98
2010-07-13,7.59
2010-07-14,4.54
2010-07-15,3.76
2010-07-16,15.54
2010-07-17,4.74
2010-07-18,6.51
2010-07-19,10.77
2010-07-20,11.42
2010-07-21,27.0
2010-07-22,30.59
2010-07-23,24.45
2010-07-24,50.36
2010-07-25,71.06
2010-07-26,71.08
2010-07-27,29.37
2010-07-28,12.74
2010-07-29,15.85
2010-07-30,15.43
2010-07-31,24.3
2010-08-01,20.29
2010-08-02,24.52
2010-08-03,17.82
2010-08-04,2.58
2010-08-05,0.28
2010-08-06,14.39
2010-08-07,11.16
2010-08-08,2.68
2010-08-09,1.66
2010-08-10,1.38
2010-08-11,6.16
2010-08-12,7.07
2010-08-13,3.28
2010-08-14,2.86
2010-08-15,2.15
2010-08-16,16.72
2010-08-17,59.34
2010-08-18,20.8
2010-08-19,10.3
2010-08-20,5.27
2010-08-21,3.06
2010-08-22,1.6
2010-08-23,2.72
2010-08-24,3.53
2010-08-25,5.07
2010-08-26,30.67
2010-08-27,13.5
2010-08-28,28.81
2010-08-29,68.41
2010-08-30,45.34
2010-08-31,27.77
2010-09-01,11.86
2010-09-02,1.38
2010-09-03,0.98
2010-09-04,2.27
2010-09-05,5.24
2010-09-06,6.67
2010-09-07,5.62
2010-09-08,25.56
2010-09-09,8.29
2010-09-10,2.2
2010-09-11,0.31
2010-09-12,0.69
2010-09-13,0.8
2010-09-14,1.54
2010-09-15,0.66
2010-09-16,2.09
2010-09-17,9.44
2010-09-18,8.7
2010-09-19,3.99
2010-09-20,1.13
2010-09-21,12.57
2010-09-22,1.64
2010-09-23,0.08
2010-09-24,2.07
2010-09-25,1.21
2010-09-26,9.24
2010-09-27,17.46
2010-09-28,2.62
2010-09-29,23.21
2010-09-30,1.71
2010-10-01,0.01
2010-10-02,0.0
2010-10-03,7.51
2010-10-04,97.99
2010-10-05,34.64
2010-10-06,1.49
2010-10-07,0.0
2010-10-08,0.0
2010-10-09,0.0
2010-10-10,0.78
2010-10-11,3.67
2010-10-12,3.24
2010-10-13,2.46
2010-10-14,1.39
2010-10-15,1.08
2010-10-16,1.43
2010-10-17,16.84
2010-10-18,21.52
2010-10-19,10.22
2010-10-20,3.45
2010-10-21,1.64
2010-10-22,8.15
2010-10-23,2.55
2010-10-24,0.08
2010-10-25,0.0
2010-10-26,0.0
2010-10-27,0.0
2010-10-28,0.0
2010-10-29,0.0
2010-10-30,0.0
2010-10-31,0.0
2010-11-01,0.0
2010-11-02,0.0
2010-11-03,0.06
2010-11-04,1.43
2010-11-05,12.86
2010-11-06,2.16
2010-11-07,0.05
2010-11-08,1.97
2010-11-09,3.16
2010-11-10,0.12
2010-11-11,0.62
2010-11-12,0.16
2010-11-13,5.26
2010-11-14,5.81
2010-11-15,9.56
2010-11-16,1.85
2010-11-17,0.53
2010-11-18,0.19
2010-11-19,0.73
2010-11-20,0.78
2010-11-21,7.28
2010-11-22,3.74
2010-11-23,4.72
2010-11-24,2.99
2010-11-25,0.46
2010-11-26,0.0
2010-11-27,0.0
2010-11-28,0.0
2010-11-29,0.0
2010-11-30,0.0
2010-12-01,0.0
2010-12-02,0.0
2010-12-03,0.0
2010-12-04,0.0
2010-12-05,0.0
2010-12-06,0.0
2010-12-07,0.0
2010-12-08,0.0
2010-12-09,0.08
2010-12-10,0.01
2010-12-11,0.0
2010-12-12,0.0
2010-12-13,0.0
2010-12-14,0.0
2010-12-15,0.0
2010-12-16,0.0
2010-12-17,0.0
2010-12-18,0.0
2010-12-19,0.0
2010-12-20,0.0
2010-12-21,0.0
2010-12-22,0.0
2010-12-23,0.0
2010-12-24,0.0
2010-12-25,0.0
2010-12-26,0.0
2010-12-27,0.0
2010-12-28,0.0
2010-12-29,0.0
2010-12-30,0.0
2010-12-31,0.0
2011-01-01,0.0
2011-01-02,0.0
2011-01-03,0.0
2011-01-04,0.0
2011-01-05,0.0
2011-01-06,0.0
2011-01-07,0.0
2011-01-08,0.0
2011-01-09,0.0
2011-01-10,0.0
2011-01-11,0.0
2011-01-12,0.0
2011-01-13,0.0
2011-01-14,0.0
2011-01-15,0.0
2011-01-16,0.0
2011-01-17,0.0
2011-01-18,0.0
2011-01-19,0.0
2011-01-20,0.0
2011-01-21,0.0
2011-01-22,0.0
2011-01-23,0.0
2011-01-24,0.0
2011-01-25,0.0
2011-01-26,0.0
2011-01-27,0.0
2011-01-28,0.0
2011-01-29,0.0
2011-01-30,0.0
2011-01-31,0.0
2011-02-01,0.0
2011-02-02,0.0
2011-02-03,0.0
2011-02-04,0.0
2011-02-05,0.0
2011-02-06,0.0
2011-02-07,0.0
2011-02-08,0.0
2011-02-09,0.0
2011-02-10,0.0
2011-02-11,0.0
2011-02-12,0.0
2011-02-13,0.0
2011-02-14,0.0
2011-02-15,0.0
2011-02-16,0.0
2011-02-17,0.0
2011-02-18,0.0
2011-02-19,0.0
2011-02-20,0.0
2011-02-21,0.0
2011-02-22,0.0
2011-02-23,0.0
2011-02-24,0.0
2011-02-25,0.0
2011-02-26,0.0
2011-02-27,0.0
2011-02-28,0.4
2011-03-01,0.0
2011-03-02,0.0
2011-03-03,0.2
2011-03-04,0.02
2011-03-05,0.0
2011-03-06,0.0
2011-03-07,0.0
2011-03-08,0.0
2011-03-09,0.0
2011-03-10,0.0
2011-03-11,0.0
2011-03-12,0.0
2011-03-13,0.0
2011-03-14,0.0
2011-03-15,0.0
2011-03-16,0.0
2011-03-17,0.0
2011-03-18,0.0
2011-03-19,0.0
2011-03-20,0.0
2011-03-21,0.0
2011-03-22,0.0
2011-03-23,0.0
2011-03-24,0.0
2011-03-25,0.0
2011-03-26,0.0
2011-03-27,0.0
2011-03-28,0.0
2011-03-29,0.0
2011-03-30,0.0
2011-03-31,0.0
2011-04-01,0.0
2011-04-02,0.0
2011-04-03,0.0
2011-04-04,0.0
2011-04-05,0.0
2011-04-06,0.0
2011-04-07,0.0
2011-04-08,0.05
2011-04-09,0.0
2011-04-10,0.0
2011-04-11,0.0
2011-04-12,0.29
2011-04-13,0.08
2011-04-14,0.0
2011-04-15,0.0
2011-04-16,0.0
2011-04-17,0.0
2011-04-18,0.0
2011-04-19,0.0
2011-04-20,0.0
2011-04-21,0.0
2011-04-22,0.0
2011-04-23,0.0
2011-04-24,6.47
2011-04-25,9.37
2011-04-26,0.0
2011-04-27,0.0
2011-04-28,0.0
2011-04-29,0.0
2011-04-30,0.0
2011-05-01,0.05
2011-05-02,0.04
2011-05-03,0.0
2011-05-04,0.0
2011-05-05,0.0
2011-05-06,0.0
2011-05-07,0.0
2011-05-08,0.0
2011-05-09,0.0
2011-05-10,0.0
2011-05-11,0.0
2011-05-12,0.0
2011-05-13,0.0
2011-05-14,0.0
2011-05-15,0.0
2011-05-16,0.0
2011-05-17,0.03
2011-05-18,0.0
2011-05-19,0.0
2011-05-20,0.0
2011-05-21,0.0
2011-05-22,0.17
2011-05-23,0.03
2011-05-24,0.0
2011-05-25,0.15
2011-05-26,2.4
2011-05-27,2.06
2011-05-28,0.45
2011-05-29,0.4
2011-05-30,0.05
2011-05-31,0.0
2011-06-01,0.0
2011-06-02,16.38
2011-06-03,51.28
2011-06-04,65.48
2011-06-05,39.64
2011-06-06,7.12
2011-06-07,1.36
2011-06-08,5.17
2011-06-09,0.21
2011-06-10,0.0
2011-06-11,0.0
2011-06-12,0.0
2011-06-13,3.57
2011-06-14,7.19
2011-06-15,8.59
2011-06-16,14.95
2011-06-17,10.15
2011-06-18,1.33
2011-06-19,0.45
2011-06-20,3.93
2011-06-21,1.68
2011-06-22,3.34
2011-06-23,1.0
2011-06-24,0.76
2011-06-25,4.07
2011-06-26,6.45
2011-06-27,10.19
2011-06-28,12.36
2011-06-29,3.62
2011-06-30,0.7
2011-07-01,0.98
2011-07-02,8.47
2011-07-03,4.08
2011-07-04,7.43
2011-07-05,4.93
2011-07-06,12.79
2011-07-07,14.84
2011-07-08,32.25
2011-07-09,21.49
2011-07-10,7.65
2011-07-11,13.4
2011-07-12,15.77
2011-07-13,31.14
2011-07-14,26.91
2011-07-15,8.99
2011-07-16,34.75
2011-07-17,43.89
2011-07-18,47.74
2011-07-19,48.76
2011-07-20,22.9
2011-07-21,2.27
2011-07-22,2.24
2011-07-23,4.89
2011-07-24,2.24
2011-07-25,4.93
2011-07-26,15.1
2011-07-27,6.02
2011-07-28,38.99
2011-07-29,40.21
2011-07-30,42.89
2011-07-31,26.1
2011-08-01,16.64
2011-08-02,14.37
2011-08-03,3.75
2011-08-04,4.56
2011-08-05,5.2
2011-08-06,2.72
2011-08-07,1.15
2011-08-08,1.82
2011-08-09,1.93
2011-08-10,2.56
2011-08-11,2.25
2011-08-12,6.33
2011-08-13,3.4
2011-08-14,4.61
2011-08-15,1.93
2011-08-16,2.08
2011-08-17,2.17
2011-08-18,12.19
2011-08-19,3.15
2011-08-20,3.17
2011-08-21,3.31
2011-08-22,4.24
2011-08-23,2.19
2011-08-24,8.8
2011-08-25,7.61
2011-08-26,21.61
2011-08-27,55.91
2011-08-28,50.18
2011-08-29,55.55
2011-08-30,15.16
2011-08-31,4.28
2011-09-01,17.69
2011-09-02,29.26
2011-09-03,83.38
2011-09-04,22.96
2011-09-05,5.16
2011-09-06,13.83
2011-09-07,9.17
2011-09-08,1.99
2011-09-09,0.3
2011-09-10,1.17
2011-09-11,6.27
2011-09-12,3.12
2011-09-13,4.45
2011-09-14,6.26
2011-09-15,13.12
2011-09-16,1.22
2011-09-17,0.75
2011-09-18,1.15
2011-09-19,0.5
2011-09-20,2.87
2011-09-21,2.54
2011-09-22,1.36
2011-09-23,0.91
2011-09-24,0.15
2011-09-25,0.01
2011-09-26,0.0
2011-09-27,0.0
2011-09-28,28.13
2011-09-29,23.31
2011-09-30,8.68
2011-10-01,3.24
2011-10-02,9.68
2011-10-03,1.03
2011-10-04,0.05
2011-10-05,0.0
2011-10-06,0.62
2011-10-07,0.84
2011-10-08,8.17
2011-10-09,5.33
2011-10-10,0.34
2011-10-11,62.31
2011-10-12,22.8
2011-10-13,6.42
2011-10-14,1.3
2011-10-15,25.33
2011-10-16,20.76
2011-10-17,3.31
2011-10-18,1.46
2011-10-19,0.96
2011-10-20,0.34
2011-10-21,0.0
2011-10-22,0.0
2011-10-23,0.0
2011-10-24,0.0
2011-10-25,0.0
2011-10-26,0.0
2011-10-27,0.0
2011-10-28,0.01
2011-10-29,2.58
2011-10-30,1.15
2011-10-31,0.0
2011-11-01,0.0
2011-11-02,0.0
2011-11-03,0.0
2011-11-04,0.0
2011-11-05,0.0
2011-11-06,0.0
2011-11-07,0.0
2011-11-08,0.0
2011-11-09,0.0
2011-11-10,0.0
2011-11-11,0.0
2011-11-12,0.0
2011-11-13,0.0
2011-11-14,0.0
2011-11-15,0.0
2011-11-16,0.0
2011-11-17,0.0
2011-11-18,0.0
2011-11-19,0.0
2011-11-20,0.0
2011-11-21,0.0
2011-11-22,0.0
2011-11-23,0.0
2011-11-24,0.0
2011-11-25,0.0
2011-11-26,0.0
2011-11-27,0.0
2011-11-28,0.16
2011-11-29,0.74
2011-11-30,0.0
2011-12-01,0.0
2011-12-02,0.0
2011-12-03,0.0
2011-12-04,0.0
2011-12-05,0.0
2011-12-06,0.0
2011-12-07,0.0
2011-12-08,0.0
2011-12-09,0.0
2011-12-10,0.0
2011-12-11,0.0
2011-12-12,0.0
2011-12-13,0.0
2011-12-14,0.0
2011-12-15,0.0
2011-12-16,0.0
2011-12-17,0.0
2011-12-18,0.0
2011-12-19,0.0
2011-12-20,0.0
2011-12-21,0.0
2011-12-22,0.0
2011-12-23,0.0
2011-12-24,0.0
2011-12-25,0.0
2011-12-26,0.0
2011-12-27,0.0
2011-12-28,0.0
2011-12-29,0.0
2011-12-30,0.0
2011-12-31,0.0
2012-01-01,0.0
2012-01-02,0.0
2012-01-03,0.0
2012-01-04,0.0
2012-01-05,0.0
2012-01-06,0.0
2012-01-07,0.0
2012-01-08,0.0
2012-01-09,0.0
2012-01-10,0.0
2012-01-11,0.0
2012-01-12,0.0
2012-01-13,0.0
2012-01-14,0.0
2012-01-15,0.0
2012-01-16,0.0
2012-01-17,0.0
2012-01-18,0.0
2012-01-19,0.0
2012-01-20,0.0
2012-01-21,0.0
2012-01-22,0.0
2012-01-23,0.0
2012-01-24,0.0
2012-01-25,0.0
2012-01-26,0.0
2012-01-27,0.0
2012-01-28,0.0
2012-01-29,0.0
2012-01-30,0.0
2012-01-31,0.0
2012-02-01,0.0
2012-02-02,0.0
2012-02-03,0.0
2012-02-04,0.0
2012-02-05,0.0
2012-02-06,0.0
2012-02-07,0.0
2012-02-08,0.0
2012-02-09,0.0
2012-02-10,0.0
2012-02-11,0.0
2012-02-12,0.0
2012-02-13,0.0
2012-02-14,0.0
2012-02-15,0.0
2012-02-16,0.0
2012-02-17,0.0
2012-02-18,0.0
2012-02-19,0.0
2012-02-20,0.0
2012-02-21,0.0
2012-02-22,0.0
2012-02-23,0.0
2012-02-24,0.0
2012-02-25,0.0
2012-02-26,0.0
2012-02-27,0.0
2012-02-28,0.0
2012-02-29,0.0
2012-03-01,0.0
2012-03-02,0.0
2012-03-03,0.0
2012-03-04,0.0
2012-03-05,0.0
2012-03-06,0.0
2012-03-07,0.0
2012-03-08,0.0
2012-03-09,0.0
2012-03-10,0.0
2012-03-11,0.0
2012-03-12,0.0
2012-03-13,0.0
2012-03-14,0.0
2012-03-15,0.0
2012-03-16,0.0
2012-03-17,0.0
2012-03-18,0.0
2012-03-19,0.0
2012-03-20,0.0
2012-03-21,0.0
2012-03-22,0.0
2012-03-23,0.0
2012-03-24,0.0
2012-03-25,0.0
2012-03-26,0.0
2012-03-27,0.0
2012-03-28,0.0
2012-03-29,0.0
2012-03-30,0.0
2012-03-31,0.0
2012-04-01,0.0
2012-04-02,0.0
2012-04-03,0.0
2012-04-04,0.33
2012-04-05,0.01
2012-04-06,0.0
2012-04-07,0.0
2012-04-08,0.0
2012-04-09,0.0
2012-04-10,0.0
2012-04-11,0.0
2012-04-12,0.01
2012-04-13,0.01
2012-04-14,0.0
2012-04-15,0.07
2012-04-16,1.26
2012-04-17,1.51
2012-04-18,0.0
2012-04-19,1.47
2012-04-20,0.7
2012-04-21,0.08
2012-04-22,0.0
2012-04-23,0.0
2012-04-24,0.0
2012-04-25,0.0
2012-04-26,0.0
2012-04-27,0.0
2012-04-28,0.0
2012-04-29,0.0
2012-04-30,0.0
2012-05-01,0.0
2012-05-02,0.0
2012-05-03,0.0
2012-05-04,0.0
2012-05-05,0.0
2012-05-06,0.0
2012-05-07,0.0
2012-05-08,0.03
2012-05-09,0.52
2012-05-10,0.24
2012-05-11,0.1
2012-05-12,1.18
2012-05-13,0.0
2012-05-14,0.0
2012-05-15,0.0
2012-05-16,0.0
2012-05-17,0.0
2012-05-18,0.0
2012-05-19,0.0
2012-05-20,0.0
2012-05-21,0.0
2012-05-22,0.0
2012-05-23,0.0
2012-05-24,0.0
2012-05-25,0.0
2012-05-26,0.0
2012-05-27,0.0
2012-05-28,0.0
2012-05-29,0.0
2012-05-30,0.0
2012-05-31,0.0
2012-06-01,0.0
2012-06-02,0.0
2012-06-03,0.0
2012-06-04,0.06
2012-06-05,0.75
2012-06-06,6.85
2012-06-07,4.8
2012-06-08,2.8
2012-06-09,2.04
2012-06-10,1.06
2012-06-11,2.71
2012-06-12,0.16
2012-06-13,0.18
2012-06-14,1.45
2012-06-15,1.99
2012-06-16,7.45
2012-06-17,32.55
2012-06-18,10.08
2012-06-19,2.93
2012-06-20,0.34
2012-06-21,0.14
2012-06-22,0.09
2012-06-23,3.07
2012-06-24,12.05
2012-06-25,5.47
2012-06-26,3.07
2012-06-27,11.62
2012-06-28,8.48
2012-06-29,4.16
2012-06-30,13.14
2012-07-01,11.03
2012-07-02,11.65
2012-07-03,22.9
2012-07-04,15.57
2012-07-05,7.61
2012-07-06,11.15
2012-07-07,5.0
2012-07-08,6.3
2012-07-09,7.06
2012-07-10,3.18
2012-07-11,5.58
2012-07-12,11.43
2012-07-13,4.45
2012-07-14,2.75
2012-07-15,3.29
2012-07-16,6.22
2012-07-17,14.45
2012-07-18,21.89
2012-07-19,18.37
2012-07-20,9.08
2012-07-21,2.67
2012-07-22,2.22
2012-07-23,2.71
2012-07-24,3.45
2012-07-25,3.35
2012-07-26,6.43
2012-07-27,2.79
2012-07-28,3.02
2012-07-29,10.32
2012-07-30,25.25
2012-07-31,84.78
2012-08-01,32.73
2012-08-02,7.54
2012-08-03,6.87
2012-08-04,6.26
2012-08-05,1.95
2012-08-06,7.05
2012-08-07,8.71
2012-08-08,8.71
2012-08-09,11.28
2012-08-10,10.92
2012-08-11,4.01
2012-08-12,5.89
2012-08-13,2.08
2012-08-14,0.8
2012-08-15,0.94
2012-08-16,0.29
2012-08-17,0.68
2012-08-18,17.31
2012-08-19,16.43
2012-08-20,3.12
2012-08-21,0.88
2012-08-22,5.5
2012-08-23,1.56
2012-08-24,0.01
2012-08-25,2.13
2012-08-26,8.08
2012-08-27,20.74
2012-08-28,10.99
2012-08-29,28.18
2012-08-30,21.4
2012-08-31,17.88
2012-09-01,7.98
2012-09-02,7.98
2012-09-03,33.16
2012-09-04,26.35
2012-09-05,14.23
2012-09-06,9.11
2012-09-07,2.71
2012-09-08,6.32
2012-09-09,7.89
2012-09-10,18.56
2012-09-11,8.98
2012-09-12,0.88
2012-09-13,1.87
2012-09-14,3.97
2012-09-15,3.08
2012-09-16,0.98
2012-09-17,0.27
2012-09-18,0.57
2012-09-19,7.12
2012-09-20,3.15
2012-09-21,1.87
2012-09-22,1.15
2012-09-23,0.12
2012-09-24,1.69
2012-09-25,0.83
2012-09-26,0.01
2012-09-27,0.0
2012-09-28,0.04
2012-09-29,0.92
2012-09-30,19.15
2012-10-01,29.82
2012-10-02,13.26
2012-10-03,10.73
2012-10-04,27.69
2012-10-05,25.15
2012-10-06,21.94
2012-10-07,11.67
2012-10-08,6.01
2012-10-09,2.01
2012-10-10,2.17
2012-10-11,0.23
2012-10-12,0.0
2012-10-13,0.0
2012-10-14,0.0
2012-10-15,0.0
2012-10-16,0.0
2012-10-17,0.0
2012-10-18,0.0
2012-10-19,0.0
2012-10-20,0.02
2012-10-21,0.03
2012-10-22,0.57
2012-10-23,0.07
2012-10-24,9.25
2012-10-25,0.35
2012-10-26,4.18
2012-10-27,0.27
2012-10-28,0.0
2012-10-29,0.0
2012-10-30,0.0
2012-10-31,0.0
2012-11-01,0.11
2012-11-02,1.18
2012-11-03,0.02
2012-11-04,0.0
2012-11-05,0.0
2012-11-06,0.0
2012-11-07,0.0
2012-11-08,0.0
2012-11-09,0.0
2012-11-10,0.0
2012-11-11,0.0
2012-11-12,0.0
2012-11-13,0.0
2012-11-14,0.0
2012-11-15,0.0
2012-11-16,0.0
2012-11-17,0.0
2012-11-18,0.0
2012-11-19,0.0
2012-11-20,0.0
2012-11-21,0.0
2012-11-22,0.0
2012-11-23,0.0
2012-11-24,0.0
2012-11-25,0.0
2012-11-26,0.0
2012-11-27,0.0
2012-11-28,0.0
2012-11-29,0.0
2012-11-30,0.0
2012-12-01,0.0
2012-12-02,0.0
2012-12-03,0.0
2012-12-04,0.0
2012-12-05,0.0
2012-12-06,0.0
2012-12-07,0.0
2012-12-08,0.0
2012-12-09,0.0
2012-12-10,0.0
2012-12-11,0.0
2012-12-12,0.0
2012-12-13,0.0
2012-12-14,0.0
2012-12-15,0.0
2012-12-16,0.0
2012-12-17,0.0
2012-12-18,0.0
2012-12-19,0.0
2012-12-20,0.0
2012-12-21,0.0
2012-12-22,0.0
2012-12-23,0.0
2012-12-24,0.0
2012-12-25,0.0
2012-12-26,0.0
2012-12-27,0.0
2012-12-28,0.0
2012-12-29,0.0
2012-12-30,0.0
2012-12-31,0.0
2013-01-01,0.01
2013-01-02,0.0
2013-01-03,0.0
2013-01-04,0.0
2013-01-05,0.0
2013-01-06,0.0
2013-01-07,0.0
2013-01-08,0.0
2013-01-09,0.0
2013-01-10,0.0
2013-01-11,0.0
2013-01-12,0.0
2013-01-13,0.0
2013-01-14,0.0
2013-01-15,0.0
2013-01-16,0.0
2013-01-17,0.0
2013-01-18,0.0
2013-01-19,0.0
2013-01-20,0.0
2013-01-21,0.0
2013-01-22,0.0
2013-01-23,0.0
2013-01-24,0.0
2013-01-25,0.0
2013-01-26,0.0
2013-01-27,0.0
2013-01-28,0.0
2013-01-29,0.0
2013-01-30,0.0
2013-01-31,0.0
2013-02-01,0.0
2013-02-02,0.0
2013-02-03,0.0
2013-02-04,0.0
2013-02-05,0.0
2013-02-06,0.0
2013-02-07,0.0
2013-02-08,0.0
2013-02-09,0.0
2013-02-10,0.0
2013-02-11,3.1
2013-02-12,0.08
2013-02-13,0.0
2013-02-14,0.0
2013-02-15,0.04
2013-02-16,0.08
2013-02-17,0.0
2013-02-18,0.0
2013-02-19,0.0
2013-02-20,0.0
2013-02-21,0.0
2013-02-22,0.02
2013-02-23,0.02
2013-02-24,0.0
2013-02-25,0.0
2013-02-26,0.0
2013-02-27,0.0
2013-02-28,0.0
2013-03-01,0.0
2013-03-02,0.0
2013-03-03,0.0
2013-03-04,0.0
2013-03-05,0.0
2013-03-06,0.0
2013-03-07,0.0
2013-03-08,0.0
2013-03-09,0.0
2013-03-10,0.0
2013-03-11,0.0
2013-03-12,0.0
2013-03-13,0.0
2013-03-14,0.0
2013-03-15,0.05
2013-03-16,0.85
2013-03-17,0.66
2013-03-18,0.0
2013-03-19,0.0
2013-03-20,0.0
2013-03-21,0.0
2013-03-22,0.0
2013-03-23,0.0
2013-03-24,0.0
2013-03-25,0.0
2013-03-26,0.0
2013-03-27,0.0
2013-03-28,0.0
2013-03-29,0.0
2013-03-30,0.0
2013-03-31,0.0
2013-04-01,0.0
2013-04-02,0.0
2013-04-03,0.0
2013-04-04,0.0
2013-04-05,0.0
2013-04-06,0.0
2013-04-07,0.0
2013-04-08,0.0
2013-04-09,0.0
2013-04-10,0.0
2013-04-11,0.0
2013-04-12,0.0
2013-04-13,0.05
2013-04-14,0.03
2013-04-15,0.0
2013-04-16,0.0
2013-04-17,0.0
2013-04-18,0.0
2013-04-19,0.0
2013-04-20,0.0
2013-04-21,0.0
2013-04-22,0.0
2013-04-23,0.0
2013-04-24,0.0
2013-04-25,0.25
2013-04-26,0.0
2013-04-27,0.0
2013-04-28,0.0
2013-04-29,0.0
2013-04-30,0.0
2013-05-01,0.03
2013-05-02,0.01
2013-05-03,0.0
2013-05-04,0.0
2013-05-05,0.0
2013-05-06,0.0
2013-05-07,0.0
2013-05-08,0.0
2013-05-09,0.0
2013-05-10,0.0
2013-05-11,0.0
2013-05-12,0.0
2013-05-13,0.0
2013-05-14,0.0
2013-05-15,0.02
2013-05-16,0.0
2013-05-17,0.0
2013-05-18,0.0
2013-05-19,0.04
2013-05-20,0.01
2013-05-21,0.0
2013-05-22,0.0
2013-05-23,0.0
2013-05-24,0.0
2013-05-25,0.04
2013-05-26,0.59
2013-05-27,0.2
2013-05-28,0.35
2013-05-29,0.41
2013-05-30,0.47
2013-05-31,0.06
2013-06-01,0.76
2013-06-02,6.36
2013-06-03,7.97
2013-06-04,32.99
2013-06-05,7.14
2013-06-06,39.16
2013-06-07,18.74
2013-06-08,15.94
2013-06-09,36.37
2013-06-10,32.91
2013-06-11,4.02
2013-06-12,3.42
2013-06-13,4.25
2013-06-14,19.13
2013-06-15,64.73
2013-06-16,97.0
2013-06-17,17.0
2013-06-18,27.14
2013-06-19,31.03
2013-06-20,3.22
2013-06-21,1.5
2013-06-22,1.99
2013-06-23,5.26
2013-06-24,23.69
2013-06-25,32.53
2013-06-26,10.84
2013-06-27,5.28
2013-06-28,5.34
2013-06-29,5.05
2013-06-30,6.3
2013-07-01,6.92
2013-07-02,10.1
2013-07-03,12.34
2013-07-04,3.84
2013-07-05,1.79
2013-07-06,5.71
2013-07-07,6.94
2013-07-08,6.25
2013-07-09,7.14
2013-07-10,12.58
2013-07-11,27.66
2013-07-12,38.81
2013-07-13,12.74
2013-07-14,6.0
2013-07-15,3.06
2013-07-16,12.93
2013-07-17,25.99
2013-07-18,10.32
2013-07-19,28.56
2013-07-20,31.05
2013-07-21,20.54
2013-07-22,20.15
2013-07-23,72.72
2013-07-24,30.05
2013-07-25,13.34
2013-07-26,10.77
2013-07-27,15.55
2013-07-28,11.57
2013-07-29,6.75
2013-07-30,11.29
2013-07-31,20.52
2013-08-01,34.78
2013-08-02,14.24
2013-08-03,4.33
2013-08-04,4.04
2013-08-05,1.21
2013-08-06,1.82
2013-08-07,3.72
2013-08-08,3.3
2013-08-09,3.43
2013-08-10,3.03
2013-08-11,1.86
2013-08-12,2.39
2013-08-13,4.01
2013-08-14,3.98
2013-08-15,1.25
2013-08-16,2.22
2013-08-17,5.68
2013-08-18,2.63
2013-08-19,1.17
2013-08-20,0.89
2013-08-21,1.78
2013-08-22,2.22
2013-08-23,1.9
2013-08-24,2.35
2013-08-25,4.24
2013-08-26,1.47
2013-08-27,0.62
2013-08-28,0.99
2013-08-29,1.64
2013-08-30,2.11
2013-08-31,0.91
2013-09-01,0.11
2013-09-02,0.01
2013-09-03,0.11
2013-09-04,0.24
2013-09-05,5.26
2013-09-06,1.35
2013-09-07,0.11
2013-09-08,7.39
2013-09-09,20.07
2013-09-10,59.13
2013-09-11,17.97
2013-09-12,3.44
2013-09-13,16.32
2013-09-14,9.89
2013-09-15,19.44
2013-09-16,3.14
2013-09-17,9.72
2013-09-18,63.32
2013-09-19,14.09
2013-09-20,1.29
2013-09-21,0.07
2013-09-22,2.27
2013-09-23,7.05
2013-09-24,10.46
2013-09-25,2.94
2013-09-26,3.46
2013-09-27,1.65
2013-09-28,0.95
2013-09-29,3.5
2013-09-30,0.28
2013-10-01,0.16
2013-10-02,0.65
2013-10-03,5.39
2013-10-04,5.39
2013-10-05,4.77
2013-10-06,3.75
2013-10-07,3.1
2013-10-08,0.2
2013-10-09,1.55
2013-10-10,4.32
2013-10-11,3.37
2013-10-12,2.17
2013-10-13,2.37
2013-10-14,1.79
2013-10-15,15.77
2013-10-16,5.81
2013-10-17,2.82
2013-10-18,0.22
2013-10-19,0.0
2013-10-20,0.0
2013-10-21,0.0
2013-10-22,0.03
2013-10-23,0.05
2013-10-24,0.14
2013-10-25,0.89
2013-10-26,2.99
2013-10-27,0.92
2013-10-28,0.05
2013-10-29,0.0
2013-10-30,0.0
2013-10-31,0.0
2013-11-01,0.0
2013-11-02,0.14
2013-11-03,0.02
2013-11-04,0.0
2013-11-05,0.0
2013-11-06,0.0
2013-11-07,0.0
2013-11-08,0.0
2013-11-09,0.0
2013-11-10,0.0
2013-11-11,0.0
2013-11-12,0.0
2013-11-13,0.0
2013-11-14,0.0
2013-11-15,0.0
2013-11-16,0.0
2013-11-17,0.0
2013-11-18,0.0
2013-11-19,0.0
2013-11-20,0.0
2013-11-21,0.0
2013-11-22,0.0
2013-11-23,0.0
2013-11-24,3.36
2013-11-25,3.16
2013-11-26,3.08
2013-11-27,0.0
2013-11-28,0.0
2013-11-29,0.01
2013-11-30,0.03
2013-12-01,0.85
2013-12-02,3.99
2013-12-03,0.45
2013-12-04,0.0
2013-12-05,0.0
2013-12-06,0.0
2013-12-07,0.0
2013-12-08,0.0
2013-12-09,0.0
2013-12-10,0.0
2013-12-11,0.0
2013-12-12,0.0
2013-12-13,0.0
2013-12-14,0.0
2013-12-15,0.0
2013-12-16,0.0
2013-12-17,0.0
2013-12-18,0.0
2013-12-19,0.0
2013-12-20,0.0
2013-12-21,0.0
2013-12-22,0.0
2013-12-23,0.0
2013-12-24,0.0
2013-12-25,0.0
2013-12-26,0.0
2013-12-27,0.0
2013-12-28,0.0
2013-12-29,0.0
2013-12-30,0.0
2013-12-31,0.0
2014-01-01,0.0
2014-01-02,0.0
2014-01-03,0.0
2014-01-04,0.0
2014-01-05,0.0
2014-01-06,0.0
2014-01-07,0.0
2014-01-08,0.0
2014-01-09,0.0
2014-01-10,0.0
2014-01-11,0.0
2014-01-12,0.0
2014-01-13,0.0
2014-01-14,0.0
2014-01-15,0.0
2014-01-16,0.0
2014-01-17,0.0
2014-01-18,0.0
2014-01-19,0.0
2014-01-20,0.0
2014-01-21,0.15
2014-01-22,0.04
2014-01-23,0.32
2014-01-24,0.06
2014-01-25,0.0
2014-01-26,0.0
2014-01-27,0.0
2014-01-28,0.0
2014-01-29,0.0
2014-01-30,0.0
2014-01-31,0.0
2014-02-01,0.0
2014-02-02,0.0
2014-02-03,0.0
2014-02-04,0.0
2014-02-05,0.0
2014-02-06,0.0
2014-02-07,0.0
2014-02-08,0.0
2014-02-09,0.0
2014-02-10,0.0
2014-02-11,0.0
2014-02-12,0.0
2014-02-13,0.0
2014-02-14,0.0
2014-02-15,0.06
2014-02-16,0.02
2014-02-17,0.0
2014-02-18,0.0
2014-02-19,0.0
2014-02-20,0.0
2014-02-21,0.0
2014-02-22,0.0
2014-02-23,0.0
2014-02-24,0.0
2014-02-25,0.0
2014-02-26,1.45
2014-02-27,0.16
2014-02-28,0.0
2014-03-01,0.0
2014-03-02,0.0
2014-03-03,1.14
2014-03-04,0.84
2014-03-05,0.12
2014-03-06,0.05
2014-03-07,0.0
2014-03-08,0.67
2014-03-09,2.3
2014-03-10,0.31
2014-03-11,0.0
2014-03-12,1.3
2014-03-13,1.81
2014-03-14,0.0
2014-03-15,0.0
2014-03-16,0.0
2014-03-17,0.0
2014-03-18,0.0
2014-03-19,0.0
2014-03-20,0.0
2014-03-21,0.0
2014-03-22,0.0
2014-03-23,0.0
2014-03-24,0.0
2014-03-25,0.0
2014-03-26,0.0
2014-03-27,0.0
2014-03-28,0.0
2014-03-29,0.0
2014-03-30,0.0
2014-03-31,0.0
2014-04-01,0.0
2014-04-02,0.0
2014-04-03,0.0
2014-04-04,0.0
2014-04-05,0.0
2014-04-06,0.0
2014-04-07,0.0
2014-04-08,0.0
2014-04-09,0.0
2014-04-10,0.0
2014-04-11,0.0
2014-04-12,0.0
2014-04-13,0.0
2014-04-14,0.0
2014-04-15,0.0
2014-04-16,0.07
2014-04-17,0.02
2014-04-18,0.01
2014-04-19,0.48
2014-04-20,0.01
2014-04-21,3.08
2014-04-22,0.74
2014-04-23,0.0
2014-04-24,0.01
2014-04-25,0.0
2014-04-26,0.0
2014-04-27,0.01
2014-04-28,0.0
2014-04-29,0.0
2014-04-30,0.07
2014-05-01,0.13
2014-05-02,0.0
2014-05-03,0.33
2014-05-04,0.0
2014-05-05,0.0
2014-05-06,0.0
2014-05-07,1.25
2014-05-08,0.43
2014-05-09,1.77
2014-05-10,0.15
2014-05-11,0.0
2014-05-12,0.0
2014-05-13,0.0
2014-05-14,0.26
2014-05-15,0.81
2014-05-16,0.0
2014-05-17,0.17
2014-05-18,0.6
2014-05-19,0.01
2014-05-20,0.01
2014-05-21,0.0
2014-05-22,0.0
2014-05-23,0.0
2014-05-24,0.0
2014-05-25,0.0
2014-05-26,0.01
2014-05-27,4.45
2014-05-28,1.86
2014-05-29,0.06
2014-05-30,0.15
2014-05-31,0.0
2014-06-01,0.0
2014-06-02,0.19
2014-06-03,1.86
2014-06-04,4.4
2014-06-05,0.85
2014-06-06,0.43
2014-06-07,0.03
2014-06-08,0.0
2014-06-09,5.43
2014-06-10,2.92
2014-06-11,0.1
2014-06-12,1.11
2014-06-13,1.35
2014-06-14,4.14
2014-06-15,5.2
2014-06-16,8.25
2014-06-17,2.6
2014-06-18,1.14
2014-06-19,2.83
2014-06-20,1.22
2014-06-21,0.23
2014-06-22,0.02
2014-06-23,0.09
2014-06-24,0.02
2014-06-25,0.04
2014-06-26,0.01
2014-06-27,0.0
2014-06-28,0.17
2014-06-29,0.05
2014-06-30,0.16
2014-07-01,1.47
2014-07-02,1.61
2014-07-03,6.88
2014-07-04,5.45
2014-07-05,1.08
2014-07-06,2.28
2014-07-07,17.55
2014-07-08,9.39
2014-07-09,8.39
2014-07-10,20.85
2014-07-11,27.03
2014-07-12,26.05
2014-07-13,9.39
2014-07-14,10.3
2014-07-15,36.81
2014-07-16,25.28
2014-07-17,23.72
2014-07-18,16.38
2014-07-19,9.93
2014-07-20,8.98
2014-07-21,29.99
2014-07-22,28.5
2014-07-23,24.42
2014-07-24,5.65
2014-07-25,5.31
2014-07-26,1.88
2014-07-27,30.6
2014-07-28,43.09
2014-07-29,91.55
2014-07-30,111.15
2014-07-31,56.22
2014-08-01,9.76
2014-08-02,9.51
2014-08-03,20.19
2014-08-04,48.83
2014-08-05,22.55
2014-08-06,14.06
2014-08-07,7.19
2014-08-08,4.4
2014-08-09,5.64
2014-08-10,2.83
2014-08-11,2.39
2014-08-12,0.66
2014-08-13,0.29
2014-08-14,3.02
2014-08-15,3.23
2014-08-16,3.53
2014-08-17,2.09
2014-08-18,0.44
2014-08-19,22.25
2014-08-20,10.85
2014-08-21,8.51
2014-08-22,40.91
2014-08-23,34.71
2014-08-24,68.73
2014-08-25,11.61
2014-08-26,8.22
2014-08-27,14.49
2014-08-28,7.45
2014-08-29,29.56
2014-08-30,18.6
2014-08-31,29.2
2014-09-01,21.32
2014-09-02,11.32
2014-09-03,8.47
2014-09-04,10.12
2014-09-05,18.38
2014-09-06,5.22
2014-09-07,1.8
2014-09-08,10.8
2014-09-09,4.77
2014-09-10,10.91
2014-09-11,2.72
2014-09-12,0.24
2014-09-13,0.07
2014-09-14,0.14
2014-09-15,0.02
2014-09-16,0.04
2014-09-17,0.98
2014-09-18,0.94
2014-09-19,1.54
2014-09-20,4.25
2014-09-21,0.99
2014-09-22,0.34
2014-09-23,0.0
2014-09-24,15.43
2014-09-25,53.14
2014-09-26,3.0
2014-09-27,0.05
2014-09-28,0.01
2014-09-29,0.88
2014-09-30,7.69
2014-10-01,4.96
2014-10-02,0.55
2014-10-03,0.0
2014-10-04,0.09
2014-10-05,1.07
2014-10-06,1.26
2014-10-07,4.94
2014-10-08,0.55
2014-10-09,0.98
2014-10-10,0.01
2014-10-11,0.0
2014-10-12,0.0
2014-10-13,0.0
2014-10-14,0.0
2014-10-15,0.0
2014-10-16,0.0
2014-10-17,0.93
2014-10-18,2.68
2014-10-19,0.81
2014-10-20,0.02
2014-10-21,1.01
2014-10-22,0.15
2014-10-23,0.0
2014-10-24,0.44
2014-10-25,12.89
2014-10-26,1.62
2014-10-27,0.14
2014-10-28,0.0
2014-10-29,0.0
2014-10-30,0.0
2014-10-31,0.0
2014-11-01,0.0
2014-11-02,0.0
2014-11-03,0.0
2014-11-04,0.0
2014-11-05,0.0
2014-11-06,0.0
2014-11-07,0.0
2014-11-08,0.0
2014-11-09,0.0
2014-11-10,0.0
2014-11-11,0.35
2014-11-12,0.59
2014-11-13,0.07
2014-11-14,8.79
2014-11-15,11.32
2014-11-16,3.34
2014-11-17,0.58
2014-11-18,0.1
2014-11-19,0.0
2014-11-20,0.0
2014-11-21,0.0
2014-11-22,0.0
2014-11-23,0.0
2014-11-24,0.0
2014-11-25,0.0
2014-11-26,0.0
2014-11-27,0.0
2014-11-28,0.0
2014-11-29,0.0
2014-11-30,0.0
2014-12-01,0.0
2014-12-02,0.0
2014-12-03,0.0
2014-12-04,0.0
2014-12-05,0.06
2014-12-06,0.0
2014-12-07,0.0
2014-12-08,0.0
2014-12-09,0.0
2014-12-10,0.0
2014-12-11,0.19
2014-12-12,26.71
2014-12-13,4.48
2014-12-14,0.0
2014-12-15,0.0
2014-12-16,0.0
2014-12-17,0.0
2014-12-18,0.0
2014-12-19,0.0
2014-12-20,0.0
2014-12-21,0.0
2014-12-22,0.0
2014-12-23,0.0
2014-12-24,0.0
2014-12-25,0.0
2014-12-26,0.0
2014-12-27,0.0
2014-12-28,0.0
2014-12-29,0.0
2014-12-30,0.0
2014-12-31,0.2
2015-01-01,0.23
2015-01-02,0.04
2015-01-03,0.0
2015-01-04,0.0
2015-01-05,0.0
2015-01-06,0.0
2015-01-07,0.0
2015-01-08,0.0
2015-01-09,0.0
2015-01-10,0.0
2015-01-11,0.0
2015-01-12,0.0
2015-01-13,0.0
2015-01-14,0.0
2015-01-15,0.0
2015-01-16,0.0
2015-01-17,0.0
2015-01-18,0.0
2015-01-19,0.0
2015-01-20,0.0
2015-01-21,0.0
2015-01-22,0.0
2015-01-23,0.0
2015-01-24,0.21
2015-01-25,0.17
2015-01-26,0.0
2015-01-27,0.0
2015-01-28,0.0
2015-01-29,0.0
2015-01-30,0.0
2015-01-31,0.0
2015-02-01,0.0
2015-02-02,0.0
2015-02-03,0.0
2015-02-04,0.0
2015-02-05,0.0
2015-02-06,0.0
2015-02-07,0.0
2015-02-08,0.0
2015-02-09,0.0
2015-02-10,0.08
2015-02-11,0.0
2015-02-12,0.0
2015-02-13,0.0
2015-02-14,0.0
2015-02-15,0.0
2015-02-16,0.0
2015-02-17,0.0
2015-02-18,0.0
2015-02-19,0.0
2015-02-20,0.0
2015-02-21,0.0
2015-02-22,0.0
2015-02-23,0.0
2015-02-24,0.0
2015-02-25,0.0
2015-02-26,0.0
2015-02-27,0.0
2015-02-28,14.91
2015-03-01,17.15
2015-03-02,1.13
2015-03-03,0.0
2015-03-04,0.0
2015-03-05,0.0
2015-03-06,0.0
2015-03-07,0.0
2015-03-08,0.0
2015-03-09,0.0
2015-03-10,0.8
2015-03-11,0.32
2015-03-12,0.0
2015-03-13,1.12
2015-03-14,1.58
2015-03-15,0.35
2015-03-16,0.01
2015-03-17,0.0
2015-03-18,0.0
2015-03-19,0.0
2015-03-20,0.0
2015-03-21,0.0
2015-03-22,0.0
2015-03-23,0.0
2015-03-24,0.0
2015-03-25,0.0
2015-03-26,0.0
2015-03-27,0.03
2015-03-28,0.12
2015-03-29,2.6
2015-03-30,0.41
2015-03-31,0.0
2015-04-01,0.0
2015-04-02,0.0
2015-04-03,0.0
2015-04-04,0.0
2015-04-05,0.0
2015-04-06,0.0
2015-04-07,0.0
2015-04-08,0.0
2015-04-09,0.0
2015-04-10,0.05
2015-04-11,0.24
2015-04-12,0.12
2015-04-13,0.37
2015-04-14,0.04
2015-04-15,0.0
2015-04-16,0.01
2015-04-17,0.0
2015-04-18,0.0
2015-04-19,0.0
2015-04-20,0.0
2015-04-21,0.0
2015-04-22,0.0
2015-04-23,0.0
2015-04-24,0.0
2015-04-25,0.0
2015-04-26,0.0
2015-04-27,0.0
2015-04-28,0.03
2015-04-29,0.0
2015-04-30,0.0
2015-05-01,0.0
2015-05-02,0.03
2015-05-03,0.05
2015-05-04,0.01
2015-05-05,1.57
2015-05-06,1.59
2015-05-07,0.01
2015-05-08,0.02
2015-05-09,0.64
2015-05-10,0.14
2015-05-11,0.1
2015-05-12,0.32
2015-05-13,30.91
2015-05-14,24.56
2015-05-15,1.56
2015-05-16,0.81
2015-05-17,0.02
2015-05-18,0.0
2015-05-19,0.0
2015-05-20,0.0
2015-05-21,0.0
2015-05-22,0.0
2015-05-23,0.0
2015-05-24,0.0
2015-05-25,0.0
2015-05-26,0.0
2015-05-27,0.01
2015-05-28,0.01
2015-05-29,0.58
2015-05-30,0.76
2015-05-31,0.04
2015-06-01,0.09
2015-06-02,0.01
2015-06-03,0.04
2015-06-04,4.3
2015-06-05,8.67
2015-06-06,1.61
2015-06-07,17.58
2015-06-08,7.26
2015-06-09,7.44
2015-06-10,5.88
2015-06-11,29.3
2015-06-12,26.5
2015-06-13,9.12
2015-06-14,13.28
2015-06-15,7.35
2015-06-16,6.61
2015-06-17,9.2
2015-06-18,60.78
2015-06-19,46.95
2015-06-20,33.33
2015-06-21,97.51
2015-06-22,39.46
2015-06-23,59.38
2015-06-24,29.29
2015-06-25,10.28
2015-06-26,0.75
2015-06-27,0.17
2015-06-28,0.54
2015-06-29,2.77
2015-06-30,3.36
2015-07-01,1.32
2015-07-02,0.1
2015-07-03,0.11
2015-07-04,0.11
2015-07-05,0.08
2015-07-06,0.08
2015-07-07,0.46
2015-07-08,2.08
2015-07-09,2.02
2015-07-10,1.78
2015-07-11,3.55
2015-07-12,1.0
2015-07-13,0.25
2015-07-14,0.11
2015-07-15,0.3
2015-07-16,1.69
2015-07-17,1.94
2015-07-18,3.48
2015-07-19,5.0
2015-07-20,21.96
2015-07-21,26.35
2015-07-22,15.58
2015-07-23,9.16
2015-07-24,13.13
2015-07-25,9.16
2015-07-26,3.77
2015-07-27,12.43
2015-07-28,15.76
2015-07-29,10.0
2015-07-30,7.72
2015-07-31,5.24
2015-08-01,2.84
2015-08-02,0.71
2015-08-03,1.05
2015-08-04,3.12
2015-08-05,8.25
2015-08-06,3.76
2015-08-07,2.19
2015-08-08,2.81
2015-08-09,2.98
2015-08-10,1.74
2015-08-11,4.22
2015-08-12,2.24
2015-08-13,2.59
2015-08-14,4.27
2015-08-15,2.32
2015-08-16,2.88
2015-08-17,3.89
2015-08-18,0.21
2015-08-19,0.04
2015-08-20,0.1
2015-08-21,0.66
2015-08-22,0.74
2015-08-23,0.49
2015-08-24,0.92
2015-08-25,5.77
2015-08-26,3.13
2015-08-27,3.28
2015-08-28,8.07
2015-08-29,4.66
2015-08-30,3.11
2015-08-31,1.83
2015-09-01,0.81
2015-09-02,0.27
2015-09-03,0.01
2015-09-04,0.1
2015-09-05,0.11
2015-09-06,0.12
2015-09-07,0.15
2015-09-08,16.08
2015-09-09,24.3
2015-09-10,23.83
2015-09-11,4.32
2015-09-12,35.13
2015-09-13,23.36
2015-09-14,7.37
2015-09-15,22.65
2015-09-16,9.73
2015-09-17,9.81
2015-09-18,33.28
2015-09-19,22.47
2015-09-20,13.7
2015-09-21,8.63
2015-09-22,1.44
2015-09-23,1.62
2015-09-24,0.19
2015-09-25,0.0
2015-09-26,0.01
2015-09-27,0.0
2015-09-28,0.0
2015-09-29,0.0
2015-09-30,0.05
2015-10-01,3.62
2015-10-02,15.2
2015-10-03,19.56
2015-10-04,8.47
2015-10-05,1.98
2015-10-06,0.0
2015-10-07,0.0
2015-10-08,0.01
2015-10-09,0.17
2015-10-10,4.25
2015-10-11,15.21
2015-10-12,7.01
2015-10-13,0.06
2015-10-14,0.0
2015-10-15,0.0
2015-10-16,0.0
2015-10-17,0.0
2015-10-18,0.0
2015-10-19,0.0
2015-10-20,0.0
2015-10-21,0.0
2015-10-22,0.0
2015-10-23,0.0
2015-10-24,0.01
2015-10-25,2.08
2015-10-26,1.03
2015-10-27,0.01
2015-10-28,0.0
2015-10-29,0.0
2015-10-30,0.0
2015-10-31,0.0
2015-11-01,0.0
2015-11-02,0.0
2015-11-03,0.0
2015-11-04,0.3
2015-11-05,0.03
2015-11-06,0.0
2015-11-07,0.0
2015-11-08,0.0
2015-11-09,0.0
2015-11-10,0.0
2015-11-11,0.0
2015-11-12,0.0
2015-11-13,0.0
2015-11-14,0.0
2015-11-15,0.0
2015-11-16,0.0
2015-11-17,0.0
2015-11-18,0.0
2015-11-19,0.0
2015-11-20,0.02
2015-11-21,2.42
2015-11-22,25.22
2015-11-23,25.62
2015-11-24,0.17
2015-11-25,0.07
2015-11-26,0.01
2015-11-27,0.0
2015-11-28,0.0
2015-11-29,0.0
2015-11-30,0.0
2015-12-01,0.0
2015-12-02,0.0
2015-12-03,0.0
2015-12-04,0.0
2015-12-05,0.0
2015-12-06,0.0
2015-12-07,0.0
2015-12-08,0.0
2015-12-09,0.0
2015-12-10,0.0
2015-12-11,0.0
2015-12-12,0.0
2015-12-13,0.0
2015-12-14,0.0
2015-12-15,0.0
2015-12-16,0.0
2015-12-17,0.0
2015-12-18,0.0
2015-12-19,0.0
2015-12-20,0.0
2015-12-21,0.0
2015-12-22,0.0
2015-12-23,0.0
2015-12-24,0.0
2015-12-25,0.0
2015-12-26,0.0
2015-12-27,0.0
2015-12-28,0.0
2015-12-29,0.0
2015-12-30,0.0
2015-12-31,0.0
2016-01-01,0.0
2016-01-02,0.0
2016-01-03,0.0
2016-01-04,0.0
2016-01-05,0.0
2016-01-06,0.0
2016-01-07,0.0
2016-01-08,0.0
2016-01-09,0.0
2016-01-10,0.0
2016-01-11,0.0
2016-01-12,0.0
2016-01-13,0.0
2016-01-14,0.0
2016-01-15,0.0
2016-01-16,0.0
2016-01-17,0.0
2016-01-18,0.0
2016-01-19,0.0
2016-01-20,0.0
2016-01-21,0.0
2016-01-22,0.0
2016-01-23,0.0
2016-01-24,0.0
2016-01-25,0.0
2016-01-26,0.0
2016-01-27,0.0
2016-01-28,0.0
2016-01-29,0.0
2016-01-30,0.0
2016-01-31,0.0
2016-02-01,0.0
2016-02-02,0.0
2016-02-03,0.0
2016-02-04,0.0
2016-02-05,0.0
2016-02-06,0.0
2016-02-07,0.0
2016-02-08,0.0
2016-02-09,0.0
2016-02-10,0.0
2016-02-11,0.0
2016-02-12,0.0
2016-02-13,0.0
2016-02-14,0.0
2016-02-15,0.0
2016-02-16,0.0
2016-02-17,0.0
2016-02-18,0.0
2016-02-19,0.0
2016-02-20,0.0
2016-02-21,0.0
2016-02-22,0.0
2016-02-23,0.0
2016-02-24,0.0
2016-02-25,0.0
2016-02-26,0.0
2016-02-27,0.0
2016-02-28,0.39
2016-02-29,1.41
2016-03-01,0.27
2016-03-02,2.65
2016-03-03,0.64
2016-03-04,1.5
2016-03-05,0.0
2016-03-06,0.0
2016-03-07,0.0
2016-03-08,0.0
2016-03-09,0.0
2016-03-10,0.0
2016-03-11,0.0
2016-03-12,0.0
2016-03-13,0.0
2016-03-14,0.0
2016-03-15,0.0
2016-03-16,0.0
2016-03-17,0.0
2016-03-18,0.0
2016-03-19,0.0
2016-03-20,0.0
2016-03-21,0.0
2016-03-22,0.0
2016-03-23,0.0
2016-03-24,0.0
2016-03-25,0.0
2016-03-26,0.0
2016-03-27,0.03
2016-03-28,0.01
2016-03-29,0.0
2016-03-30,0.0
2016-03-31,0.0
2016-04-01,0.0
2016-04-02,0.0
2016-04-03,0.0
2016-04-04,0.02
2016-04-05,0.38
2016-04-06,0.28
2016-04-07,0.05
2016-04-08,0.0
2016-04-09,0.0
2016-04-10,0.0
2016-04-11,0.0
2016-04-12,0.0
2016-04-13,0.0
2016-04-14,0.0
2016-04-15,0.0
2016-04-16,0.0
2016-04-17,0.0
2016-04-18,0.0
2016-04-19,0.56
2016-04-20,0.57
2016-04-21,0.0
2016-04-22,0.0
2016-04-23,0.0
2016-04-24,0.0
2016-04-25,0.0
2016-04-26,0.0
2016-04-27,0.0
2016-04-28,0.0
2016-04-29,0.0
2016-04-30,0.0
2016-05-01,0.0
2016-05-02,0.0
2016-05-03,0.0
2016-05-04,0.0
2016-05-05,0.0
2016-05-06,0.0
2016-05-07,0.01
2016-05-08,0.45
2016-05-09,1.68
2016-05-10,1.79
2016-05-11,0.38
2016-05-12,0.88
2016-05-13,0.42
2016-05-14,1.37
2016-05-15,0.0
2016-05-16,0.0
2016-05-17,0.0
2016-05-18,0.0
2016-05-19,0.01
2016-05-20,0.0
2016-05-21,0.0
2016-05-22,0.0
2016-05-23,0.08
2016-05-24,0.03
2016-05-25,0.01
2016-05-26,0.03
2016-05-27,0.02
2016-05-28,0.0
2016-05-29,0.01
2016-05-30,0.02
2016-05-31,0.0
2016-06-01,0.31
2016-06-02,1.74
2016-06-03,0.85
2016-06-04,14.89
2016-06-05,11.47
2016-06-06,5.91
2016-06-07,0.13
2016-06-08,0.71
2016-06-09,1.55
2016-06-10,3.64
2016-06-11,7.09
2016-06-12,4.37
2016-06-13,2.34
2016-06-14,1.35
2016-06-15,0.83
2016-06-16,0.24
2016-06-17,0.72
2016-06-18,1.73
2016-06-19,6.07
2016-06-20,21.12
2016-06-21,20.25
2016-06-22,5.27
2016-06-23,11.27
2016-06-24,22.18
2016-06-25,63.89
2016-06-26,30.29
2016-06-27,19.65
2016-06-28,35.48
2016-06-29,15.58
2016-06-30,18.79
2016-07-01,28.58
2016-07-02,78.15
2016-07-03,64.35
2016-07-04,38.18
2016-07-05,22.98
2016-07-06,12.4
2016-07-07,9.52
2016-07-08,21.3
2016-07-09,30.57
2016-07-10,69.76
2016-07-11,44.15
2016-07-12,23.05
2016-07-13,18.15
2016-07-14,12.1
2016-07-15,8.55
2016-07-16,8.71
2016-07-17,8.67
2016-07-18,21.13
2016-07-19,31.84
2016-07-20,21.62
2016-07-21,9.92
2016-07-22,14.92
2016-07-23,11.9
2016-07-24,3.63
2016-07-25,3.99
2016-07-26,11.03
2016-07-27,8.86
2016-07-28,11.98
2016-07-29,31.19
2016-07-30,17.06
2016-07-31,52.4
2016-08-01,79.12
2016-08-02,93.27
2016-08-03,92.52
2016-08-04,30.04
2016-08-05,54.15
2016-08-06,27.39
2016-08-07,16.68
2016-08-08,17.34
2016-08-09,19.2
2016-08-10,21.66
2016-08-11,17.57
2016-08-12,11.08
2016-08-13,4.31
2016-08-14,1.83
2016-08-15,3.43
2016-08-16,2.41
2016-08-17,2.45
2016-08-18,5.74
2016-08-19,2.33
2016-08-20,1.89
2016-08-21,3.83
2016-08-22,8.76
2016-08-23,20.81
2016-08-24,12.93
2016-08-25,5.15
2016-08-26,14.34
2016-08-27,31.43
2016-08-28,21.75
2016-08-29,7.11
2016-08-30,7.82
2016-08-31,2.62
2016-09-01,6.64
2016-09-02,6.65
2016-09-03,6.05
2016-09-04,1.75
2016-09-05,1.78
2016-09-06,1.85
2016-09-07,2.36
2016-09-08,1.67
2016-09-09,1.62
2016-09-10,2.9
2016-09-11,4.47
2016-09-12,0.67
2016-09-13,1.74
2016-09-14,9.37
2016-09-15,18.08
2016-09-16,35.18
2016-09-17,80.09
2016-09-18,32.38
2016-09-19,14.68
2016-09-20,24.94
2016-09-21,45.97
2016-09-22,39.67
2016-09-23,32.39
2016-09-24,29.47
2016-09-25,5.57
2016-09-26,4.68
2016-09-27,5.44
2016-09-28,1.71
2016-09-29,0.8
2016-09-30,0.3
2016-10-01,27.58
2016-10-02,14.74
2016-10-03,12.1
2016-10-04,16.27
2016-10-05,6.77
2016-10-06,2.25
2016-10-07,0.95
2016-10-08,0.69
2016-10-09,4.54
2016-10-10,7.07
2016-10-11,2.8
2016-10-12,1.06
2016-10-13,0.03
2016-10-14,1.15
2016-10-15,0.03
2016-10-16,0.0
2016-10-17,0.0
2016-10-18,0.0
2016-10-19,0.0
2016-10-20,0.0
2016-10-21,0.0
2016-10-22,0.0
2016-10-23,0.0
2016-10-24,0.0
2016-10-25,0.0
2016-10-26,0.0
2016-10-27,0.0
2016-10-28,0.0
2016-10-29,0.0
2016-10-30,0.0
2016-10-31,0.0
2016-11-01,0.0
2016-11-02,0.0
2016-11-03,0.0
2016-11-04,0.0
2016-11-05,0.0
2016-11-06,0.0
2016-11-07,0.0
2016-11-08,0.0
2016-11-09,0.0
2016-11-10,0.0
2016-11-11,0.0
2016-11-12,0.0
2016-11-13,0.0
2016-11-14,0.0
2016-11-15,0.01
2016-11-16,0.03
2016-11-17,0.0
2016-11-18,0.0
2016-11-19,0.0
2016-11-20,0.0
2016-11-21,0.0
2016-11-22,0.0
2016-11-23,0.0
2016-11-24,0.0
2016-11-25,0.0
2016-11-26,0.0
2016-11-27,0.0
2016-11-28,0.0
2016-11-29,0.0
2016-11-30,0.0
2016-12-01,0.0
2016-12-02,0.0
2016-12-03,0.0
2016-12-04,0.0
2016-12-05,0.0
2016-12-06,0.0
2016-12-07,0.0
2016-12-08,0.0
2016-12-09,0.0
2016-12-10,0.0
2016-12-11,0.0
2016-12-12,0.0
2016-12-13,0.0
2016-12-14,0.0
2016-12-15,0.0
2016-12-16,0.0
2016-12-17,0.0
2016-12-18,0.0
2016-12-19,0.0
2016-12-20,0.0
2016-12-21,0.0
2016-12-22,0.0
2016-12-23,0.0
2016-12-24,0.0
2016-12-25,0.0
2016-12-26,0.0
2016-12-27,0.0
2016-12-28,0.0
2016-12-29,0.0
2016-12-30,0.0
2016-12-31,0.0
2017-01-01,0.0
2017-01-02,0.0
2017-01-03,0.0
2017-01-04,0.0
2017-01-05,0.0
2017-01-06,0.0
2017-01-07,0.0
2017-01-08,0.0
2017-01-09,0.0
2017-01-10,0.0
2017-01-11,0.0
2017-01-12,0.0
2017-01-13,0.0
2017-01-14,0.0
2017-01-15,0.0
2017-01-16,0.0
2017-01-17,0.0
2017-01-18,0.0
2017-01-19,0.0
2017-01-20,0.0
2017-01-21,0.0
2017-01-22,0.0
2017-01-23,0.0
2017-01-24,0.0
2017-01-25,0.0
2017-01-26,0.0
2017-01-27,0.0
2017-01-28,0.0
2017-01-29,0.0
2017-01-30,0.0
2017-01-31,0.0
2017-02-01,0.0
2017-02-02,0.0
2017-02-03,0.0
2017-02-04,0.0
2017-02-05,0.0
2017-02-06,0.0
2017-02-07,0.0
2017-02-08,0.0
2017-02-09,0.0
2017-02-10,0.0
2017-02-11,0.0
2017-02-12,0.0
2017-02-13,0.0
2017-02-14,0.0
2017-02-15,0.0
2017-02-16,0.0
2017-02-17,0.0
2017-02-18,0.0
2017-02-19,0.0
2017-02-20,0.0
2017-02-21,0.0
2017-02-22,0.0
2017-02-23,0.0
2017-02-24,0.0
2017-02-25,0.0
2017-02-26,0.0
2017-02-27,0.0
2017-02-28,0.0
2017-03-01,0.0
2017-03-02,0.0
2017-03-03,0.0
2017-03-04,0.0
2017-03-05,0.0
2017-03-06,0.0
2017-03-07,0.0
2017-03-08,0.0
2017-03-09,0.0
2017-03-10,0.0
2017-03-11,0.0
2017-03-12,0.0
2017-03-13,0.0
2017-03-14,0.0
2017-03-15,0.01
2017-03-16,0.0
2017-03-17,0.0
2017-03-18,0.0
2017-03-19,0.0
2017-03-20,0.0
2017-03-21,0.0
2017-03-22,0.0
2017-03-23,0.0
2017-03-24,0.0
2017-03-25,0.0
2017-03-26,0.0
2017-03-27,0.0
2017-03-28,0.01
2017-03-29,0.01
2017-03-30,0.01
2017-03-31,0.22
2017-04-01,0.09
2017-04-02,0.0
2017-04-03,0.0
2017-04-04,0.0
2017-04-05,0.0
2017-04-06,0.0
2017-04-07,0.0
2017-04-08,0.0
2017-04-09,0.0
2017-04-10,0.0
2017-04-11,0.0
2017-04-12,0.0
2017-04-13,0.0
2017-04-14,0.0
2017-04-15,0.0
2017-04-16,0.0
2017-04-17,0.0
2017-04-18,0.0
2017-04-19,0.0
2017-04-20,0.0
2017-04-21,0.0
2017-04-22,0.0
2017-04-23,0.0
2017-04-24,0.0
2017-04-25,0.0
2017-04-26,0.0
2017-04-27,0.0
2017-04-28,0.0
2017-04-29,0.0
2017-04-30,0.0
2017-05-01,0.0
2017-05-02,0.0
2017-05-03,0.0
2017-05-04,0.23
2017-05-05,0.23
2017-05-06,0.57
2017-05-07,0.27
2017-05-08,0.01
2017-05-09,0.01
2017-05-10,0.0
2017-05-11,0.01
2017-05-12,5.63
2017-05-13,2.85
2017-05-14,2.07
2017-05-15,0.1
2017-05-16,0.0
2017-05-17,0.0
2017-05-18,0.0
2017-05-19,0.0
2017-05-20,0.0
2017-05-21,0.0
2017-05-22,0.01
2017-05-23,0.24
2017-05-24,0.39
2017-05-25,0.0
2017-05-26,0.01
2017-05-27,0.02
2017-05-28,0.02
2017-05-29,0.66
2017-05-30,5.75
2017-05-31,2.32
2017-06-01,3.78
2017-06-02,2.74
2017-06-03,4.37
2017-06-04,1.83
2017-06-05,0.53
2017-06-06,2.18
2017-06-07,9.93
2017-06-08,10.91
2017-06-09,20.97
2017-06-10,11.08
2017-06-11,18.41
2017-06-12,37.99
2017-06-13,8.14
2017-06-14,12.55
2017-06-15,9.8
2017-06-16,10.9
2017-06-17,16.88
2017-06-18,7.24
2017-06-19,3.65
2017-06-20,2.82
2017-06-21,4.17
2017-06-22,9.01
2017-06-23,7.77
2017-06-24,20.57
2017-06-25,46.63
2017-06-26,38.81
2017-06-27,27.54
2017-06-28,27.97
2017-06-29,37.95
2017-06-30,25.12
2017-07-01,28.11
2017-07-02,24.04
2017-07-03,10.49
2017-07-04,9.83
2017-07-05,8.01
2017-07-06,9.41
2017-07-07,10.11
2017-07-08,8.33
2017-07-09,9.26
2017-07-10,6.87
2017-07-11,7.66
2017-07-12,8.18
2017-07-13,39.92
2017-07-14,68.17
2017-07-15,39.01
2017-07-16,28.59
2017-07-17,51.41
2017-07-18,51.94
2017-07-19,63.36
2017-07-20,35.63
2017-07-21,43.22
2017-07-22,38.68
2017-07-23,31.64
2017-07-24,23.17
2017-07-25,10.55
2017-07-26,9.3
2017-07-27,14.28
2017-07-28,20.55
2017-07-29,17.99
2017-07-30,8.99
2017-07-31,14.17
2017-08-01,11.23
2017-08-02,4.99
2017-08-03,8.99
2017-08-04,5.16
2017-08-05,1.34
2017-08-06,1.58
2017-08-07,2.16
2017-08-08,2.21
2017-08-09,3.35
2017-08-10,5.7
2017-08-11,6.82
2017-08-12,4.32
2017-08-13,3.4
2017-08-14,9.9
2017-08-15,8.74
2017-08-16,3.79
2017-08-17,2.56
2017-08-18,3.19
2017-08-19,15.52
2017-08-20,80.9
2017-08-21,10.74
2017-08-22,5.98
2017-08-23,4.8
2017-08-24,10.8
2017-08-25,25.61
2017-08-26,27.22
2017-08-27,33.76
2017-08-28,68.33
2017-08-29,59.97
2017-08-30,17.03
2017-08-31,5.39
2017-09-01,3.67
2017-09-02,9.55
2017-09-03,4.6
2017-09-04,0.24
2017-09-05,0.06
2017-09-06,0.04
2017-09-07,3.51
2017-09-08,15.67
2017-09-09,2.74
2017-09-10,10.39
2017-09-11,4.72
2017-09-12,18.61
2017-09-13,7.64
2017-09-14,17.08
2017-09-15,19.42
2017-09-16,6.07
2017-09-17,3.3
2017-09-18,35.92
2017-09-19,66.34
2017-09-20,77.99
2017-09-21,23.78
2017-09-22,22.89
2017-09-23,0.82
2017-09-24,1.08
2017-09-25,0.1
2017-09-26,4.39
2017-09-27,1.92
2017-09-28,2.95
2017-09-29,15.09
2017-09-30,5.8
2017-10-01,0.94
2017-10-02,1.65
2017-10-03,0.82
2017-10-04,0.01
2017-10-05,0.0
2017-10-06,15.15
2017-10-07,7.26
2017-10-08,15.27
2017-10-09,5.4
2017-10-10,9.01
2017-10-11,9.89
2017-10-12,2.48
2017-10-13,62.18
2017-10-14,39.17
2017-10-15,6.98
2017-10-16,2.62
2017-10-17,0.44
2017-10-18,0.0
2017-10-19,0.0
2017-10-20,0.0
2017-10-21,0.02
2017-10-22,4.06
2017-10-23,5.47
2017-10-24,0.0
2017-10-25,0.0
2017-10-26,0.0
2017-10-27,2.66
2017-10-28,0.06
2017-10-29,0.0
2017-10-30,0.0
2017-10-31,0.0
2017-11-01,0.0
2017-11-02,0.0
2017-11-03,0.0
2017-11-04,0.0
2017-11-05,0.0
2017-11-06,0.0
2017-11-07,0.0
2017-11-08,0.0
2017-11-09,0.0
2017-11-10,0.0
2017-11-11,0.0
2017-11-12,0.0
2017-11-13,0.0
2017-11-14,0.0
2017-11-15,0.0
2017-11-16,0.0
2017-11-17,0.0
2017-11-18,0.0
2017-11-19,0.0
2017-11-20,2.76
2017-11-21,0.33
2017-11-22,0.41
2017-11-23,0.0
2017-11-24,0.0
2017-11-25,0.0
2017-11-26,0.0
2017-11-27,0.0
2017-11-28,0.0
2017-11-29,0.0
2017-11-30,0.0
2017-12-01,0.0
2017-12-02,0.0
2017-12-03,0.0
2017-12-04,1.68
2017-12-05,15.12
2017-12-06,1.02
2017-12-07,0.01
2017-12-08,0.0
2017-12-09,0.0
2017-12-10,0.0
2017-12-11,0.0
2017-12-12,0.0
2017-12-13,0.0
2017-12-14,0.0
2017-12-15,0.0
2017-12-16,0.0
2017-12-17,0.0
2017-12-18,0.0
2017-12-19,0.0
2017-12-20,0.0
2017-12-21,0.0
2017-12-22,0.0
2017-12-23,0.0
2017-12-24,0.0
2017-12-25,0.0
2017-12-26,0.0
2017-12-27,0.0
2017-12-28,0.0
2017-12-29,0.0
2017-12-30,0.0
2017-12-31,0.0
2018-01-01,0.0
2018-01-02,0.0
2018-01-03,0.0
2018-01-04,0.0
2018-01-05,0.0
2018-01-06,0.0
2018-01-07,0.0
2018-01-08,0.0
2018-01-09,0.0
2018-01-10,0.0
2018-01-11,0.0
2018-01-12,0.0
2018-01-13,0.0
2018-01-14,0.0
2018-01-15,0.0
2018-01-16,0.0
2018-01-17,0.0
2018-01-18,0.0
2018-01-19,0.0
2018-01-20,0.0
2018-01-21,0.0
2018-01-22,0.0
2018-01-23,10.23
2018-01-24,0.0
2018-01-25,0.0
2018-01-26,0.0
2018-01-27,0.0
2018-01-28,0.0
2018-01-29,0.0
2018-01-30,0.0
2018-01-31,0.0
2018-02-01,0.0
2018-02-02,0.0
2018-02-03,0.0
2018-02-04,0.0
2018-02-05,0.0
2018-02-06,0.0
2018-02-07,0.0
2018-02-08,0.0
2018-02-09,0.0
2018-02-10,0.0
2018-02-11,0.0
2018-02-12,0.0
2018-02-13,0.0
2018-02-14,0.0
2018-02-15,0.0
2018-02-16,0.0
2018-02-17,0.0
2018-02-18,0.0
2018-02-19,0.0
2018-02-20,0.0
2018-02-21,0.0
2018-02-22,0.0
2018-02-23,0.0
2018-02-24,0.0
2018-02-25,0.0
2018-02-26,0.0
2018-02-27,0.0
2018-02-28,0.0
2018-03-01,0.0
2018-03-02,0.0
2018-03-03,0.0
2018-03-04,0.0
2018-03-05,0.0
2018-03-06,0.0
2018-03-07,0.0
2018-03-08,0.0
2018-03-09,0.0
2018-03-10,0.0
2018-03-11,0.0
2018-03-12,0.0
2018-03-13,0.0
2018-03-14,0.0
2018-03-15,0.02
2018-03-16,0.05
2018-03-17,0.0
2018-03-18,0.85
2018-03-19,0.39
2018-03-20,0.0
2018-03-21,0.0
2018-03-22,0.0
2018-03-23,0.0
2018-03-24,0.0
2018-03-25,0.0
2018-03-26,0.0
2018-03-27,0.0
2018-03-28,0.0
2018-03-29,0.0
2018-03-30,0.0
2018-03-31,0.0
2018-04-01,0.0
2018-04-02,0.0
2018-04-03,0.0
2018-04-04,0.0
2018-04-05,0.0
2018-04-06,0.0
2018-04-07,0.0
2018-04-08,0.13
2018-04-09,0.0
2018-04-10,0.0
2018-04-11,0.0
2018-04-12,0.0
2018-04-13,0.0
2018-04-14,0.0
2018-04-15,0.0
2018-04-16,0.01
2018-04-17,0.35
2018-04-18,0.12
2018-04-19,0.0
2018-04-20,0.0
2018-04-21,0.0
2018-04-22,0.0
2018-04-23,0.0
2018-04-24,0.0
2018-04-25,0.0
2018-04-26,0.0
2018-04-27,0.0
2018-04-28,0.0
2018-04-29,0.0
2018-04-30,0.0
2018-05-01,0.0
2018-05-02,0.0
2018-05-03,0.0
2018-05-04,0.0
2018-05-05,0.0
2018-05-06,0.01
2018-05-07,0.01
2018-05-08,0.0
2018-05-09,0.0
2018-05-10,0.04
2018-05-11,0.05
2018-05-12,0.01
2018-05-13,0.42
2018-05-14,0.73
2018-05-15,0.01
2018-05-16,0.07
2018-05-17,1.13
2018-05-18,1.12
2018-05-19,0.01
2018-05-20,0.01
2018-05-21,0.0
2018-05-22,0.0
2018-05-23,0.0
2018-05-24,0.01
2018-05-25,0.0
2018-05-26,0.01
2018-05-27,1.89
2018-05-28,0.77
2018-05-29,0.03
2018-05-30,0.03
2018-05-31,0.33
2018-06-01,7.12
2018-06-02,9.6
2018-06-03,5.81
2018-06-04,5.67
2018-06-05,2.73
2018-06-06,7.81
2018-06-07,7.88
2018-06-08,11.35
2018-06-09,22.48
2018-06-10,16.98
2018-06-11,6.67
2018-06-12,0.9
2018-06-13,0.4
2018-06-14,0.43
2018-06-15,8.02
2018-06-16,9.19
2018-06-17,23.83
2018-06-18,11.35
2018-06-19,1.16
2018-06-20,2.84
2018-06-21,35.92
2018-06-22,15.67
2018-06-23,27.78
2018-06-24,38.91
2018-06-25,33.41
2018-06-26,21.37
2018-06-27,5.72
2018-06-28,12.2
2018-06-29,10.66
2018-06-30,9.03
2018-07-01,2.62
2018-07-02,11.56
2018-07-03,31.05
2018-07-04,42.7
2018-07-05,46.66
2018-07-06,20.5
2018-07-07,48.78
2018-07-08,30.71
2018-07-09,46.1
2018-07-10,40.36
2018-07-11,13.89
2018-07-12,21.7
2018-07-13,25.12
2018-07-14,28.08
2018-07-15,51.83
2018-07-16,74.82
2018-07-17,38.68
2018-07-18,16.73
2018-07-19,16.09
2018-07-20,19.83
2018-07-21,13.33
2018-07-22,11.65
2018-07-23,9.62
2018-07-24,5.69
2018-07-25,5.61
2018-07-26,5.19
2018-07-27,3.78
2018-07-28,1.19
2018-07-29,0.31
2018-07-30,1.23
2018-07-31,2.12
2018-08-01,5.5
2018-08-02,4.38
2018-08-03,9.01
2018-08-04,12.38
2018-08-05,3.03
2018-08-06,3.27
2018-08-07,5.08
2018-08-08,5.6
2018-08-09,5.48
2018-08-10,7.82
2018-08-11,15.18
2018-08-12,18.63
2018-08-13,24.22
2018-08-14,11.48
2018-08-15,14.91
2018-08-16,25.95
2018-08-17,17.17
2018-08-18,11.74
2018-08-19,20.31
2018-08-20,27.9
2018-08-21,35.83
2018-08-22,28.81
2018-08-23,13.16
2018-08-24,11.0
2018-08-25,13.03
2018-08-26,17.5
2018-08-27,14.12
2018-08-28,6.94
2018-08-29,3.41
2018-08-30,3.21
2018-08-31,4.47
2018-09-01,8.04
2018-09-02,13.76
2018-09-03,9.04
2018-09-04,3.16
2018-09-05,1.91
2018-09-06,1.13
2018-09-07,2.5
2018-09-08,1.58
2018-09-09,0.97
2018-09-10,0.16
2018-09-11,0.03
2018-09-12,0.38
2018-09-13,0.86
2018-09-14,1.87
2018-09-15,4.45
2018-09-16,2.5
2018-09-17,1.32
2018-09-18,1.36
2018-09-19,2.54
2018-09-20,4.93
2018-09-21,3.43
2018-09-22,0.31
2018-09-23,0.23
2018-09-24,0.09
2018-09-25,0.16
2018-09-26,1.94
2018-09-27,5.19
2018-09-28,8.36
2018-09-29,1.03
2018-09-30,0.45
2018-10-01,6.26
2018-10-02,2.34
2018-10-03,2.98
2018-10-04,2.66
2018-10-05,0.26
2018-10-06,0.0
2018-10-07,0.0
2018-10-08,0.09
2018-10-09,0.0
2018-10-10,0.0
2018-10-11,0.0
2018-10-12,0.01
2018-10-13,0.0
2018-10-14,0.0
2018-10-15,0.0
2018-10-16,0.08
2018-10-17,0.55
2018-10-18,5.24
2018-10-19,2.88
2018-10-20,0.01
2018-10-21,0.0
2018-10-22,0.01
2018-10-23,0.02
2018-10-24,0.01
2018-10-25,0.34
2018-10-26,0.06
2018-10-27,0.0
2018-10-28,0.0
2018-10-29,0.0
2018-10-30,0.0
2018-10-31,0.0
2018-11-01,0.0
2018-11-02,0.0
2018-11-03,0.23
2018-11-04,3.51
2018-11-05,9.25
2018-11-06,0.43
2018-11-07,0.0
2018-11-08,0.0
2018-11-09,0.0
2018-11-10,0.0
2018-11-11,0.0
2018-11-12,0.0
2018-11-13,0.0
2018-11-14,0.0
2018-11-15,0.0
2018-11-16,0.0
2018-11-17,0.0
2018-11-18,0.0
2018-11-19,0.05
2018-11-20,0.45
2018-11-21,0.01
2018-11-22,0.0
2018-11-23,0.0
2018-11-24,0.0
2018-11-25,0.0
2018-11-26,0.0
2018-11-27,0.0
2018-11-28,0.0
2018-11-29,0.0
2018-11-30,0.0
2018-12-01,0.0
2018-12-02,0.0
2018-12-03,0.0
2018-12-04,0.0
2018-12-05,0.0
2018-12-06,0.0
2018-12-07,0.0
2018-12-08,0.0
2018-12-09,0.0
2018-12-10,0.0
2018-12-11,0.0
2018-12-12,0.0
2018-12-13,0.0
2018-12-14,0.0
2018-12-15,0.0
2018-12-16,0.0
2018-12-17,0.0
2018-12-18,0.0
2018-12-19,0.0
2018-12-20,0.0
2018-12-21,0.0
2018-12-22,0.0
2018-12-23,0.0
2018-12-24,0.0
2018-12-25,0.0
2018-12-26,0.0
2018-12-27,0.0
2018-12-28,0.0
2018-12-29,0.0
2018-12-30,0.0
2018-12-31,0.0
2019-01-01,0.0
2019-01-02,0.0
2019-01-03,0.0
2019-01-04,0.0
2019-01-05,0.0
2019-01-06,0.0
2019-01-07,0.0
2019-01-08,0.0
2019-01-09,0.0
2019-01-10,0.0
2019-01-11,0.0
2019-01-12,0.0
2019-01-13,0.0
2019-01-14,0.0
2019-01-15,0.0
2019-01-16,0.0
2019-01-17,0.0
2019-01-18,0.0
2019-01-19,0.0
2019-01-20,0.0
2019-01-21,0.0
2019-01-22,0.0
2019-01-23,0.0
2019-01-24,0.0
2019-01-25,0.0
2019-01-26,0.0
2019-01-27,0.0
2019-01-28,0.0
2019-01-29,0.0
2019-01-30,0.0
2019-01-31,0.0
2019-02-01,0.0
2019-02-02,0.0
2019-02-03,0.0
2019-02-04,0.0
2019-02-05,0.0
2019-02-06,0.0
2019-02-07,0.0
2019-02-08,0.0
2019-02-09,0.0
2019-02-10,0.0
2019-02-11,0.0
2019-02-12,0.0
2019-02-13,0.0
2019-02-14,0.0
2019-02-15,0.0
2019-02-16,0.0
2019-02-17,0.0
2019-02-18,0.0
2019-02-19,0.0
2019-02-20,0.0
2019-02-21,0.0
2019-02-22,0.0
2019-02-23,0.0
2019-02-24,0.0
2019-02-25,0.0
2019-02-26,0.0
2019-02-27,0.0
2019-02-28,0.0
2019-03-01,0.0
2019-03-02,0.0
2019-03-03,0.0
2019-03-04,0.0
2019-03-05,0.0
2019-03-06,0.0
2019-03-07,0.0
2019-03-08,0.0
2019-03-09,0.0
2019-03-10,0.0
2019-03-11,0.0
2019-03-12,0.0
2019-03-13,0.0
2019-03-14,0.0
2019-03-15,0.0
2019-03-16,0.0
2019-03-17,0.0
2019-03-18,0.0
2019-03-19,0.0
2019-03-20,0.0
2019-03-21,0.0
2019-03-22,0.0
2019-03-23,0.0
2019-03-24,0.0
2019-03-25,0.0
2019-03-26,0.0
2019-03-27,0.0
2019-03-28,0.0
2019-03-29,0.0
2019-03-30,0.0
2019-03-31,0.0
2019-04-01,0.0
2019-04-02,0.0
2019-04-03,0.0
2019-04-04,0.01
2019-04-05,0.0
2019-04-06,0.0
2019-04-07,0.0
2019-04-08,0.0
2019-04-09,0.0
2019-04-10,0.0
2019-04-11,0.0
2019-04-12,0.02
2019-04-13,0.02
2019-04-14,0.78
2019-04-15,1.17
2019-04-16,0.6
2019-04-17,0.0
2019-04-18,0.0
2019-04-19,0.0
2019-04-20,0.0
2019-04-21,0.0
2019-04-22,0.0
2019-04-23,0.0
2019-04-24,0.0
2019-04-25,0.0
2019-04-26,0.0
2019-04-27,0.0
2019-04-28,0.0
2019-04-29,0.0
2019-04-30,0.0
2019-05-01,0.0
2019-05-02,0.0
2019-05-03,0.0
2019-05-04,0.0
2019-05-05,0.0
2019-05-06,0.0
2019-05-07,0.0
2019-05-08,0.0
2019-05-09,0.0
2019-05-10,0.0
2019-05-11,0.0
2019-05-12,0.0
2019-05-13,0.0
2019-05-14,0.0
2019-05-15,0.0
2019-05-16,0.13
2019-05-17,0.0
2019-05-18,0.0
2019-05-19,0.0
2019-05-20,0.0
2019-05-21,0.0
2019-05-22,0.0
2019-05-23,0.0
2019-05-24,0.0
2019-05-25,0.0
2019-05-26,0.0
2019-05-27,0.0
2019-05-28,0.0
2019-05-29,0.0
2019-05-30,0.0
2019-05-31,0.0
2019-06-01,0.0
2019-06-02,0.0
2019-06-03,0.01
2019-06-04,0.02
2019-06-05,0.06
2019-06-06,0.03
2019-06-07,0.19
2019-06-08,0.95
2019-06-09,5.27
2019-06-10,14.23
2019-06-11,10.93
2019-06-12,6.89
2019-06-13,5.97
2019-06-14,12.72
2019-06-15,12.67
2019-06-16,2.54
2019-06-17,2.08
2019-06-18,5.26
2019-06-19,7.58
2019-06-20,1.46
2019-06-21,0.04
2019-06-22,0.86
2019-06-23,3.21
2019-06-24,6.64
2019-06-25,4.66
2019-06-26,9.6
2019-06-27,58.54
2019-06-28,106.74
2019-06-29,39.67
2019-06-30,38.02
2019-07-01,55.88
2019-07-02,32.6
2019-07-03,12.79
2019-07-04,4.47
2019-07-05,35.31
2019-07-06,63.1
2019-07-07,45.42
2019-07-08,39.66
2019-07-09,29.36
2019-07-10,30.98
2019-07-11,36.32
2019-07-12,5.46
2019-07-13,7.02
2019-07-14,11.35
2019-07-15,8.54
2019-07-16,7.85
2019-07-17,2.4
2019-07-18,3.7
2019-07-19,14.57
2019-07-20,17.59
2019-07-21,11.95
2019-07-22,12.63
2019-07-23,10.95
2019-07-24,41.9
2019-07-25,24.46
2019-07-26,72.45
2019-07-27,62.85
2019-07-28,26.8
2019-07-29,55.34
2019-07-30,46.2
2019-07-31,32.18
2019-08-01,36.67
2019-08-02,52.34
2019-08-03,71.94
2019-08-04,103.69
2019-08-05,39.84
2019-08-06,27.76
2019-08-07,32.7
2019-08-08,22.64
2019-08-09,24.63
2019-08-10,22.81
2019-08-11,15.0
2019-08-12,7.28
2019-08-13,7.85
2019-08-14,6.7
2019-08-15,7.41
2019-08-16,7.02
2019-08-17,2.41
2019-08-18,2.53
2019-08-19,1.6
2019-08-20,2.02
2019-08-21,9.44
2019-08-22,7.53
2019-08-23,5.2
2019-08-24,5.24
2019-08-25,3.43
2019-08-26,1.69
2019-08-27,3.28
2019-08-28,1.47
2019-08-29,8.11
2019-08-30,17.11
2019-08-31,23.48
2019-09-01,15.58
2019-09-02,21.02
2019-09-03,55.34
2019-09-04,67.23
2019-09-05,45.24
2019-09-06,38.78
2019-09-07,54.96
2019-09-08,27.33
2019-09-09,23.5
2019-09-10,16.41
2019-09-11,9.0
2019-09-12,15.07
2019-09-13,30.05
2019-09-14,32.87
2019-09-15,10.27
2019-09-16,9.09
2019-09-17,14.08
2019-09-18,15.29
2019-09-19,22.14
2019-09-20,11.58
2019-09-21,6.57
2019-09-22,2.8
2019-09-23,16.22
2019-09-24,38.27
2019-09-25,45.5
2019-09-26,30.25
2019-09-27,2.52
2019-09-28,1.26
2019-09-29,0.77
2019-09-30,1.74
2019-10-01,0.6
2019-10-02,0.16
2019-10-03,1.74
2019-10-04,15.37
2019-10-05,16.83
2019-10-06,6.29
2019-10-07,6.71
2019-10-08,11.69
2019-10-09,12.94
2019-10-10,6.18
2019-10-11,2.72
2019-10-12,4.54
2019-10-13,5.39
2019-10-14,0.2
2019-10-15,0.0
2019-10-16,0.0
2019-10-17,0.03
2019-10-18,1.94
2019-10-19,31.91
2019-10-20,18.34
2019-10-21,19.05
2019-10-22,17.93
2019-10-23,14.99
2019-10-24,8.63
2019-10-25,4.57
2019-10-26,1.45
2019-10-27,1.07
2019-10-28,2.61
2019-10-29,1.05
2019-10-30,2.7
2019-10-31,0.74
2019-11-01,9.99
2019-11-02,5.98
2019-11-03,8.22
2019-11-04,12.55
2019-11-05,2.59
2019-11-06,1.87
2019-11-07,0.84
2019-11-08,2.72
2019-11-09,0.63
2019-11-10,0.0
2019-11-11,0.0
2019-11-12,0.0
2019-11-13,0.0
2019-11-14,0.01
2019-11-15,0.0
2019-11-16,0.0
2019-11-17,0.0
2019-11-18,0.0
2019-11-19,0.0
2019-11-20,0.0
2019-11-21,0.0
2019-11-22,0.0
2019-11-23,0.0
2019-11-24,0.0
2019-11-25,0.0
2019-11-26,0.0
2019-11-27,0.0
2019-11-28,0.0
2019-11-29,0.0
2019-11-30,0.0
2019-12-01,0.0
2019-12-02,0.04
2019-12-03,0.03
2019-12-04,0.07
2019-12-05,0.02
2019-12-06,0.0
2019-12-07,0.0
2019-12-08,0.0
2019-12-09,0.0
2019-12-10,0.0
2019-12-11,0.0
2019-12-12,0.0
2019-12-13,0.0
2019-12-14,0.0
2019-12-15,0.0
2019-12-16,0.0
2019-12-17,0.0
2019-12-18,0.0
2019-12-19,0.0
2019-12-20,0.0
2019-12-21,0.0
2019-12-22,0.0
2019-12-23,0.0
2019-12-24,0.0
2019-12-25,0.11
2019-12-26,0.13
2019-12-27,0.0
2019-12-28,0.0
2019-12-29,0.0
2019-12-30,0.0
2019-12-31,0.0
2020-01-01,0.0
2020-01-02,0.0
2020-01-03,0.0
2020-01-04,0.0
2020-01-05,0.0
2020-01-06,0.0
2020-01-07,0.0
2020-01-08,0.0
2020-01-09,0.0
2020-01-10,0.0
2020-01-11,0.0
2020-01-12,0.0
2020-01-13,0.0
2020-01-14,0.0
2020-01-15,0.0
2020-01-16,0.0
2020-01-17,0.0
2020-01-18,0.0
2020-01-19,0.0
2020-01-20,0.0
2020-01-21,0.0
2020-01-22,0.0
2020-01-23,0.0
2020-01-24,0.0
2020-01-25,0.0
2020-01-26,0.0
2020-01-27,0.0
2020-01-28,0.0
2020-01-29,0.0
2020-01-30,0.0
2020-01-31,0.0
2020-02-01,0.0
2020-02-02,0.0
2020-02-03,0.0
2020-02-04,0.0
2020-02-05,0.0
2020-02-06,0.0
2020-02-07,0.0
2020-02-08,0.0
2020-02-09,0.0
2020-02-10,0.0
2020-02-11,0.0
2020-02-12,0.0
2020-02-13,0.0
2020-02-14,0.0
2020-02-15,0.0
2020-02-16,0.0
2020-02-17,0.0
2020-02-18,0.0
2020-02-19,0.0
2020-02-20,0.0
2020-02-21,0.0
2020-02-22,0.0
2020-02-23,0.0
2020-02-24,0.0
2020-02-25,0.0
2020-02-26,0.0
2020-02-27,0.0
2020-02-28,0.0
2020-02-29,0.0
2020-03-01,0.38
2020-03-02,0.0
2020-03-03,0.0
2020-03-04,0.0
2020-03-05,0.0
2020-03-06,0.0
2020-03-07,0.0
2020-03-08,0.0
2020-03-09,0.0
2020-03-10,0.0
2020-03-11,0.0
2020-03-12,0.0
2020-03-13,0.0
2020-03-14,0.0
2020-03-15,0.0
2020-03-16,0.11
2020-03-17,0.0
2020-03-18,0.0
2020-03-19,0.0
2020-03-20,0.0
2020-03-21,0.0
2020-03-22,0.0
2020-03-23,0.0
2020-03-24,0.43
2020-03-25,2.99
2020-03-26,2.38
2020-03-27,0.36
2020-03-28,1.09
2020-03-29,1.04
2020-03-30,0.2
2020-03-31,0.09
2020-04-01,0.0
2020-04-02,0.0
2020-04-03,0.0
2020-04-04,0.01
2020-04-05,0.09
2020-04-06,0.07
2020-04-07,0.0
2020-04-08,0.0
2020-04-09,0.0
2020-04-10,0.0
2020-04-11,0.01
2020-04-12,0.63
2020-04-13,0.1
2020-04-14,0.32
2020-04-15,0.11
2020-04-16,0.07
2020-04-17,0.02
2020-04-18,0.05
2020-04-19,1.49
2020-04-20,0.02
2020-04-21,0.0
2020-04-22,0.0
2020-04-23,0.0
2020-04-24,0.0
2020-04-25,0.0
2020-04-26,0.0
2020-04-27,0.0
2020-04-28,0.01
2020-04-29,0.22
2020-04-30,0.88
2020-05-01,1.27
2020-05-02,5.2
2020-05-03,0.04
2020-05-04,0.01
2020-05-05,0.02
2020-05-06,0.05
2020-05-07,0.0
2020-05-08,0.0
2020-05-09,0.0
2020-05-10,1.22
2020-05-11,5.17
2020-05-12,0.08
2020-05-13,0.77
2020-05-14,1.28
2020-05-15,4.1
2020-05-16,0.25
2020-05-17,0.99
2020-05-18,0.31
2020-05-19,0.01
2020-05-20,0.01
2020-05-21,0.0
2020-05-22,0.0
2020-05-23,0.0
2020-05-24,0.0
2020-05-25,0.0
2020-05-26,0.0
2020-05-27,0.0
2020-05-28,0.0
2020-05-29,0.0
2020-05-30,0.0
2020-05-31,1.17
2020-06-01,7.12
2020-06-02,16.91
2020-06-03,79.26
2020-06-04,26.22
2020-06-05,2.25
2020-06-06,8.45
2020-06-07,5.22
2020-06-08,8.66
2020-06-09,3.36
2020-06-10,5.71
2020-06-11,5.32
2020-06-12,5.37
2020-06-13,15.09
2020-06-14,10.06
2020-06-15,19.36
2020-06-16,11.15
2020-06-17,26.86
2020-06-18,28.39
2020-06-19,8.61
2020-06-20,1.93
2020-06-21,4.05
2020-06-22,2.17
2020-06-23,2.34
2020-06-24,1.88
2020-06-25,8.8
2020-06-26,6.56
2020-06-27,4.38
2020-06-28,10.29
2020-06-29,28.3
2020-06-30,27.34
2020-07-01,4.86
2020-07-02,8.03
2020-07-03,23.72
2020-07-04,50.41
2020-07-05,34.17
2020-07-06,24.24
2020-07-07,43.03
2020-07-08,18.7
2020-07-09,19.19
2020-07-10,17.3
2020-07-11,11.92
2020-07-12,13.83
2020-07-13,11.57
2020-07-14,19.44
2020-07-15,38.04
2020-07-16,21.53
2020-07-17,17.49
2020-07-18,7.57
2020-07-19,4.46
2020-07-20,2.27
2020-07-21,1.21
2020-07-22,4.56
2020-07-23,8.06
2020-07-24,27.69
2020-07-25,11.32
2020-07-26,17.34
2020-07-27,12.2
2020-07-28,16.54
2020-07-29,5.9
2020-07-30,6.55
2020-07-31,6.7
2020-08-01,3.93
2020-08-02,7.4
2020-08-03,30.78
2020-08-04,92.3
2020-08-05,74.93
2020-08-06,52.36
2020-08-07,23.93
2020-08-08,12.04
2020-08-09,8.23
2020-08-10,33.99
2020-08-11,15.93
2020-08-12,28.97
2020-08-13,47.0
2020-08-14,49.34
2020-08-15,42.83
2020-08-16,30.39
2020-08-17,36.92
2020-08-18,22.18
2020-08-19,14.87
2020-08-20,33.49
2020-08-21,30.88
2020-08-22,13.86
2020-08-23,8.79
2020-08-24,6.7
2020-08-25,4.22
2020-08-26,2.49
2020-08-27,3.81
2020-08-28,29.57
2020-08-29,31.88
2020-08-30,21.22
2020-08-31,13.04
2020-09-01,3.73
2020-09-02,0.66
2020-09-03,4.61
2020-09-04,3.25
2020-09-05,9.45
2020-09-06,19.17
2020-09-07,15.52
2020-09-08,5.31
2020-09-09,15.54
2020-09-10,26.21
2020-09-11,13.89
2020-09-12,15.16
2020-09-13,4.18
2020-09-14,3.76
2020-09-15,4.23
2020-09-16,5.23
2020-09-17,7.01
2020-09-18,3.23
2020-09-19,13.64
2020-09-20,14.94
2020-09-21,12.62
2020-09-22,42.42
2020-09-23,35.13
2020-09-24,4.94
2020-09-25,13.34
2020-09-26,2.46
2020-09-27,2.08
2020-09-28,0.27
2020-09-29,0.29
2020-09-30,0.36
2020-10-01,0.35
2020-10-02,2.26
2020-10-03,5.87
2020-10-04,4.37
2020-10-05,0.52
2020-10-06,0.13
2020-10-07,0.09
2020-10-08,0.23
2020-10-09,0.07
2020-10-10,15.35
2020-10-11,12.85
2020-10-12,5.32
2020-10-13,19.0
2020-10-14,28.83
2020-10-15,41.91
2020-10-16,1.27
2020-10-17,2.15
2020-10-18,5.16
2020-10-19,13.99
2020-10-20,15.14
2020-10-21,4.94
2020-10-22,13.4
2020-10-23,6.31
2020-10-24,7.74
2020-10-25,6.64
2020-10-26,1.29
2020-10-27,0.01
2020-10-28,0.0
2020-10-29,0.0
2020-10-30,0.0
2020-10-31,0.0
2020-11-01,0.0
2020-11-02,0.0
2020-11-03,0.0
2020-11-04,0.0
2020-11-05,0.0
2020-11-06,0.0
2020-11-07,0.0
2020-11-08,0.0
2020-11-09,0.0
2020-11-10,0.0
2020-11-11,0.0
2020-11-12,0.0
2020-11-13,0.0
2020-11-14,0.0
2020-11-15,0.0
2020-11-16,0.0
2020-11-17,0.0
2020-11-18,0.05
2020-11-19,0.04
2020-11-20,0.87
2020-11-21,0.29
2020-11-22,0.01
2020-11-23,0.0
2020-11-24,0.0
2020-11-25,0.0
2020-11-26,0.0
2020-11-27,0.0
2020-11-28,0.0
2020-11-29,0.0
2020-11-30,0.0
2020-12-01,0.0
2020-12-02,0.0
2020-12-03,0.0
2020-12-04,0.0
2020-12-05,0.0
2020-12-06,0.0
2020-12-07,0.0
2020-12-08,0.0
2020-12-09,0.01
2020-12-10,0.2
2020-12-11,0.64
2020-12-12,0.05
2020-12-13,1.08
2020-12-14,4.56
2020-12-15,0.16
2020-12-16,0.0
2020-12-17,0.0
2020-12-18,0.0
2020-12-19,0.0
2020-12-20,0.0
2020-12-21,0.0
2020-12-22,0.0
2020-12-23,0.0
2020-12-24,0.0
2020-12-25,0.0
2020-12-26,0.0
2020-12-27,0.0
2020-12-28,0.0
2020-12-29,0.0
2020-12-30,0.0
2020-12-31,0.0
2021-01-01,0.01
2021-01-02,0.0
2021-01-03,0.0
2021-01-04,1.07
2021-01-05,0.13
2021-01-06,0.04
2021-01-07,1.84
2021-01-08,9.98
2021-01-09,3.4
2021-01-10,0.15
2021-01-11,0.0
2021-01-12,0.0
2021-01-13,0.0
2021-01-14,0.0
2021-01-15,0.0
2021-01-16,0.0
2021-01-17,0.0
2021-01-18,0.0
2021-01-19,0.0
2021-01-20,0.0
2021-01-21,0.0
2021-01-22,0.0
2021-01-23,0.0
2021-01-24,0.0
2021-01-25,0.0
2021-01-26,0.0
2021-01-27,0.0
2021-01-28,0.0
2021-01-29,0.0
2021-01-30,0.0
2021-01-31,0.0
2021-02-01,0.0
2021-02-02,0.0
2021-02-03,0.0
2021-02-04,0.0
2021-02-05,0.0
2021-02-06,0.0
2021-02-07,0.0
2021-02-08,0.0
2021-02-09,0.0
2021-02-10,0.0
2021-02-11,0.0
2021-02-12,0.0
2021-02-13,0.0
2021-02-14,0.0
2021-02-15,0.0
2021-02-16,0.0
2021-02-17,0.02
2021-02-18,3.38
2021-02-19,5.37
2021-02-20,0.0
2021-02-21,0.0
2021-02-22,0.0
2021-02-23,0.0
2021-02-24,0.0
2021-02-25,0.0
2021-02-26,0.0
2021-02-27,0.0
2021-02-28,0.0
2021-03-01,0.0
2021-03-02,0.0
2021-03-03,0.0
2021-03-04,0.0
2021-03-05,0.0
2021-03-06,0.0
2021-03-07,0.0
2021-03-08,0.0
2021-03-09,0.0
2021-03-10,0.0
2021-03-11,0.0
2021-03-12,0.0
2021-03-13,0.0
2021-03-14,0.0
2021-03-15,0.0
2021-03-16,0.0
2021-03-17,0.0
2021-03-18,0.0
2021-03-19,0.0
2021-03-20,0.02
2021-03-21,0.07
2021-03-22,2.57
2021-03-23,0.09
2021-03-24,0.02
2021-03-25,1.25
2021-03-26,0.0
2021-03-27,0.0
2021-03-28,0.0
2021-03-29,0.0
2021-03-30,0.0
2021-03-31,0.0
2021-04-01,0.0
2021-04-02,0.0
2021-04-03,0.0
2021-04-04,0.0
2021-04-05,0.0
2021-04-06,0.0
2021-04-07,0.0
2021-04-08,0.0
2021-04-09,0.11
2021-04-10,0.09
2021-04-11,0.83
2021-04-12,1.28
2021-04-13,5.59
2021-04-14,1.88
2021-04-15,0.5
2021-04-16,0.5
2021-04-17,0.0
2021-04-18,0.0
2021-04-19,0.0
2021-04-20,0.0
2021-04-21,0.0
2021-04-22,0.0
2021-04-23,0.0
2021-04-24,0.0
2021-04-25,0.0
2021-04-26,0.17
2021-04-27,1.87
2021-04-28,0.41
2021-04-29,0.17
2021-04-30,0.57
2021-05-01,0.11
2021-05-02,8.41
2021-05-03,4.82
2021-05-04,6.01
2021-05-05,0.55
2021-05-06,4.15
2021-05-07,1.91
2021-05-08,0.93
2021-05-09,0.56
2021-05-10,0.0
2021-05-11,0.0
2021-05-12,0.0
2021-05-13,0.01
2021-05-14,2.77
2021-05-15,6.15
2021-05-16,16.4
2021-05-17,129.13
2021-05-18,33.84
2021-05-19,13.78
2021-05-20,0.39
2021-05-21,0.9
2021-05-22,1.88
2021-05-23,0.98
2021-05-24,0.72
2021-05-25,0.12
2021-05-26,0.05
2021-05-27,0.05
2021-05-28,0.07
2021-05-29,11.49
2021-05-30,7.43
2021-05-31,11.8
2021-06-01,14.68
2021-06-02,15.72
2021-06-03,3.52
2021-06-04,2.32
2021-06-05,18.19
2021-06-06,8.48
2021-06-07,3.48
2021-06-08,17.34
2021-06-09,28.8
2021-06-10,28.5
2021-06-11,17.24
2021-06-12,23.48
2021-06-13,13.55
2021-06-14,4.07
2021-06-15,19.56
2021-06-16,41.31
2021-06-17,48.01
2021-06-18,51.5
2021-06-19,40.03
2021-06-20,13.86
2021-06-21,4.93
2021-06-22,5.14
2021-06-23,6.1
2021-06-24,7.22
2021-06-25,14.09
2021-06-26,5.47
2021-06-27,5.82
2021-06-28,17.92
2021-06-29,3.35
2021-06-30,2.96
2021-07-01,2.13
2021-07-02,0.5
2021-07-03,2.46
2021-07-04,1.24
2021-07-05,4.86
2021-07-06,2.6
2021-07-07,3.64
2021-07-08,15.74
2021-07-09,10.22
2021-07-10,9.34
2021-07-11,13.35
2021-07-12,48.58
2021-07-13,25.79
2021-07-14,17.09
2021-07-15,31.23
2021-07-16,14.18
2021-07-17,35.86
2021-07-18,44.84
2021-07-19,73.76
2021-07-20,37.97
2021-07-21,95.24
2021-07-22,60.77
2021-07-23,84.96
2021-07-24,38.04
2021-07-25,27.81
2021-07-26,19.62
2021-07-27,15.18
2021-07-28,12.1
2021-07-29,12.8
2021-07-30,10.8
2021-07-31,8.7
2021-08-01,6.13
2021-08-02,10.87
2021-08-03,14.36
2021-08-04,14.0
2021-08-05,7.33
2021-08-06,4.59
2021-08-07,2.57
2021-08-08,3.69
2021-08-09,1.7
2021-08-10,2.89
2021-08-11,3.84
2021-08-12,8.22
2021-08-13,5.89
2021-08-14,15.5
2021-08-15,12.77
2021-08-16,6.96
2021-08-17,9.96
2021-08-18,18.35
2021-08-19,17.24
2021-08-20,10.78
2021-08-21,19.3
2021-08-22,1.25
2021-08-23,0.24
2021-08-24,1.75
2021-08-25,1.55
2021-08-26,2.63
2021-08-27,3.16
2021-08-28,0.61
2021-08-29,0.63
2021-08-30,6.72
2021-08-31,38.89
2021-09-01,7.26
2021-09-02,4.8
2021-09-03,10.01
2021-09-04,12.94
2021-09-05,13.73
2021-09-06,14.16
2021-09-07,32.97
2021-09-08,23.7
2021-09-09,13.57
2021-09-10,14.38
2021-09-11,24.42
2021-09-12,36.74
2021-09-13,30.35
2021-09-14,12.28
2021-09-15,3.07
2021-09-16,0.64
2021-09-17,0.48
2021-09-18,1.53
2021-09-19,8.82
2021-09-20,9.98
2021-09-21,26.26
2021-09-22,18.93
2021-09-23,7.11
2021-09-24,1.24
2021-09-25,2.27
2021-09-26,2.03
2021-09-27,7.89
2021-09-28,34.57
2021-09-29,9.52
2021-09-30,4.46
2021-10-01,8.01
2021-10-02,3.05
2021-10-03,4.76
2021-10-04,9.89
2021-10-05,4.65
2021-10-06,11.38
2021-10-07,1.26
2021-10-08,3.85
2021-10-09,20.82
2021-10-10,5.75
2021-10-11,2.77
2021-10-12,4.47
2021-10-13,0.09
2021-10-14,0.13
2021-10-15,0.0
2021-10-16,0.0
2021-10-17,0.1
2021-10-18,0.15
2021-10-19,0.06
2021-10-20,0.0
2021-10-21,0.0
2021-10-22,0.0
2021-10-23,0.0
2021-10-24,0.0
2021-10-25,0.0
2021-10-26,0.0
2021-10-27,0.0
2021-10-28,0.0
2021-10-29,0.0
2021-10-30,0.0
2021-10-31,0.0
2021-11-01,0.0
2021-11-02,0.0
2021-11-03,0.0
2021-11-04,0.51
2021-11-05,4.59
2021-11-06,3.52
2021-11-07,2.19
2021-11-08,0.0
2021-11-09,0.0
2021-11-10,0.0
2021-11-11,0.0
2021-11-12,0.0
2021-11-13,0.0
2021-11-14,0.3
2021-11-15,0.22
2021-11-16,5.17
2021-11-17,4.26
2021-11-18,5.01
2021-11-19,0.87
2021-11-20,0.97
2021-11-21,11.45
2021-11-22,2.88
2021-11-23,0.02
2021-11-24,0.0
2021-11-25,0.0
2021-11-26,0.0
2021-11-27,0.0
2021-11-28,0.0
2021-11-29,0.0
2021-11-30,0.31
2021-12-01,64.48
2021-12-02,14.04
2021-12-03,0.47
2021-12-04,0.61
2021-12-05,0.02
2021-12-06,0.0
2021-12-07,0.0
2021-12-08,0.0
2021-12-09,0.0
2021-12-10,0.0
2021-12-11,0.0
2021-12-12,0.0
2021-12-13,0.0
2021-12-14,0.0
2021-12-15,0.0
2021-12-16,0.0
2021-12-17,0.0
2021-12-18,0.0
2021-12-19,0.0
2021-12-20,0.0
2021-12-21,0.0
2021-12-22,0.0
2021-12-23,0.0
2021-12-24,0.0
2021-12-25,0.0
2021-12-26,0.0
2021-12-27,0.0
2021-12-28,0.01
2021-12-29,0.0
2021-12-30,0.0
2021-12-31,0.0
2022-01-01,0.0
2022-01-02,0.0
2022-01-03,0.0
2022-01-04,0.0
2022-01-05,0.0
2022-01-06,0.0
2022-01-07,0.0
2022-01-08,0.51
2022-01-09,0.61
2022-01-10,0.0
2022-01-11,0.0
2022-01-12,0.0
2022-01-13,0.0
2022-01-14,0.0
2022-01-15,0.0
2022-01-16,0.0
2022-01-17,0.0
2022-01-18,0.0
2022-01-19,0.0
2022-01-20,0.0
2022-01-21,0.0
2022-01-22,0.05
2022-01-23,0.1
2022-01-24,0.0
2022-01-25,0.0
2022-01-26,0.0
2022-01-27,0.0
2022-01-28,0.0
2022-01-29,0.0
2022-01-30,0.0
2022-01-31,0.0
2022-02-01,0.0
2022-02-02,0.0
2022-02-03,0.0
2022-02-04,0.0
2022-02-05,0.0
2022-02-06,0.0
2022-02-07,0.0
2022-02-08,0.0
2022-02-09,0.0
2022-02-10,0.0
2022-02-11,0.0
2022-02-12,0.0
2022-02-13,0.0
2022-02-14,0.0
2022-02-15,0.0
2022-02-16,0.0
2022-02-17,0.0
2022-02-18,0.0
2022-02-19,0.0
2022-02-20,0.0
2022-02-21,0.0
2022-02-22,0.0
2022-02-23,0.0
2022-02-24,0.0
2022-02-25,0.0
2022-02-26,0.0
2022-02-27,0.0
2022-02-28,0.0
2022-03-01,0.0
2022-03-02,0.0
2022-03-03,0.0
2022-03-04,0.0
2022-03-05,0.0
2022-03-06,0.0
2022-03-07,0.06
2022-03-08,0.08
2022-03-09,0.04
2022-03-10,0.01
2022-03-11,0.68
2022-03-12,0.08
2022-03-13,0.0
2022-03-14,0.0
2022-03-15,0.0
2022-03-16,0.0
2022-03-17,0.0
2022-03-18,0.0
2022-03-19,0.0
2022-03-20,0.0
2022-03-21,0.0
2022-03-22,0.0
2022-03-23,0.01
2022-03-24,0.04
2022-03-25,0.04
2022-03-26,0.0
2022-03-27,0.0
2022-03-28,0.0
2022-03-29,0.0
2022-03-30,0.0
2022-03-31,0.0
2022-04-01,0.0
2022-04-02,0.0
2022-04-03,0.0
2022-04-04,0.0
2022-04-05,0.01
2022-04-06,0.04
2022-04-07,0.0
2022-04-08,0.39
2022-04-09,0.28
2022-04-10,0.01
2022-04-11,0.01
2022-04-12,0.0
2022-04-13,0.0
2022-04-14,0.0
2022-04-15,0.0
2022-04-16,0.0
2022-04-17,0.02
2022-04-18,0.0
2022-04-19,0.0
2022-04-20,0.0
2022-04-21,0.0
2022-04-22,6.3
2022-04-23,1.61
2022-04-24,0.11
2022-04-25,0.0
2022-04-26,0.85
2022-04-27,0.0
2022-04-28,0.0
2022-04-29,0.01
2022-04-30,0.0
2022-05-01,0.0
2022-05-02,0.0
2022-05-03,0.0
2022-05-04,0.0
2022-05-05,0.0
2022-05-06,0.0
2022-05-07,0.0
2022-05-08,0.0
2022-05-09,0.0
2022-05-10,0.0
2022-05-11,0.0
2022-05-12,0.01
2022-05-13,0.0
2022-05-14,0.01
2022-05-15,0.0
2022-05-16,0.01
2022-05-17,0.02
2022-05-18,0.0
2022-05-19,2.31
2022-05-20,0.98
2022-05-21,0.07
2022-05-22,0.06
2022-05-23,0.95
2022-05-24,0.64
2022-05-25,0.11
2022-05-26,0.0
2022-05-27,0.0
2022-05-28,0.0
2022-05-29,0.0
2022-05-30,0.0
2022-05-31,2.17
2022-06-01,2.79
2022-06-02,0.04
2022-06-03,0.02
2022-06-04,0.01
2022-06-05,2.12
2022-06-06,2.65
2022-06-07,0.1
2022-06-08,0.14
2022-06-09,1.32
2022-06-10,9.37
2022-06-11,13.7
2022-06-12,3.16
2022-06-13,0.92
2022-06-14,0.26
2022-06-15,1.78
2022-06-16,5.65
2022-06-17,3.68
2022-06-18,3.03
2022-06-19,16.32
2022-06-20,9.69
2022-06-21,6.85
2022-06-22,11.24
2022-06-23,13.46
2022-06-24,11.14
2022-06-25,9.82
2022-06-26,15.06
2022-06-27,13.7
2022-06-28,9.09
2022-06-29,20.41
2022-06-30,28.71
2022-07-01,33.1
2022-07-02,17.97
2022-07-03,13.19
2022-07-04,41.88
2022-07-05,61.67
2022-07-06,55.4
2022-07-07,36.87
2022-07-08,48.67
2022-07-09,33.7
2022-07-10,41.09
2022-07-11,63.9
2022-07-12,60.15
2022-07-13,78.23
2022-07-14,81.98
2022-07-15,31.37
2022-07-16,27.59
2022-07-17,14.72
2022-07-18,14.52
2022-07-19,14.54
2022-07-20,9.52
2022-07-21,8.5
2022-07-22,6.07
2022-07-23,17.64
2022-07-24,16.73
2022-07-25,11.58
2022-07-26,4.9
2022-07-27,12.17
2022-07-28,19.51
2022-07-29,4.42
2022-07-30,3.3
2022-07-31,2.73
2022-08-01,0.98
2022-08-02,3.5
2022-08-03,13.01
2022-08-04,14.99
2022-08-05,13.22
2022-08-06,19.67
2022-08-07,36.61
2022-08-08,51.92
2022-08-09,55.66
2022-08-10,37.21
2022-08-11,34.88
2022-08-12,21.6
2022-08-13,18.25
2022-08-14,12.84
2022-08-15,26.02
2022-08-16,22.92
2022-08-17,16.4
2022-08-18,10.63
2022-08-19,10.11
2022-08-20,9.55
2022-08-21,7.61
2022-08-22,13.38
2022-08-23,14.47
2022-08-24,9.03
2022-08-25,4.66
2022-08-26,1.34
2022-08-27,0.24
2022-08-28,0.4
2022-08-29,0.34
2022-08-30,5.07
2022-08-31,15.17
2022-09-01,6.36
2022-09-02,2.08
2022-09-03,5.38
2022-09-04,5.58
2022-09-05,5.57
2022-09-06,10.69
2022-09-07,13.17
2022-09-08,47.46
2022-09-09,9.34
2022-09-10,7.54
2022-09-11,23.9
2022-09-12,27.18
2022-09-13,23.45
2022-09-14,19.98
2022-09-15,32.29
2022-09-16,39.53
2022-09-17,21.65
2022-09-18,18.1
2022-09-19,7.98
2022-09-20,6.85
2022-09-21,2.54
2022-09-22,2.35
2022-09-23,5.64
2022-09-24,3.51
2022-09-25,4.31
2022-09-26,3.64
2022-09-27,1.35
2022-09-28,1.49
2022-09-29,9.11
2022-09-30,15.29
2022-10-01,9.24
2022-10-02,5.55
2022-10-03,0.57
2022-10-04,1.83
2022-10-05,1.75
2022-10-06,9.27
2022-10-07,30.66
2022-10-08,8.37
2022-10-09,0.21
2022-10-10,3.17
2022-10-11,12.95
2022-10-12,13.42
2022-10-13,7.38
2022-10-14,34.28
2022-10-15,4.76
2022-10-16,0.91
2022-10-17,24.58
2022-10-18,24.22
2022-10-19,4.18
2022-10-20,4.27
2022-10-21,12.67
2022-10-22,0.11
2022-10-23,0.0
2022-10-24,0.0
2022-10-25,0.0
2022-10-26,0.0
2022-10-27,0.0
2022-10-28,0.0
2022-10-29,0.0
2022-10-30,0.0
2022-10-31,0.0
2022-11-01,0.0
2022-11-02,0.0
2022-11-03,0.0
2022-11-04,0.0
2022-11-05,0.0
2022-11-06,0.0
2022-11-07,0.0
2022-11-08,0.0
2022-11-09,0.0
2022-11-10,0.0
2022-11-11,0.0
2022-11-12,0.0
2022-11-13,0.0
2022-11-14,0.0
2022-11-15,0.0
2022-11-16,0.0
2022-11-17,0.0
2022-11-18,0.0
2022-11-19,0.0
2022-11-20,0.0
2022-11-21,0.0
2022-11-22,0.0
2022-11-23,0.0
2022-11-24,0.0
2022-11-25,0.11
2022-11-26,0.07
2022-11-27,0.0
2022-11-28,0.0
2022-11-29,0.0
2022-11-30,0.0
2022-12-01,0.0
2022-12-02,0.0
2022-12-03,0.0
2022-12-04,0.0
2022-12-05,0.0
2022-12-06,0.0
2022-12-07,0.0
2022-12-08,0.0
2022-12-09,0.0
2022-12-10,0.0
2022-12-11,0.1
2022-12-12,0.02
2022-12-13,0.01
2022-12-14,0.51
2022-12-15,0.12
2022-12-16,0.01
2022-12-17,0.0
2022-12-18,0.0
2022-12-19,0.0
2022-12-20,0.0
2022-12-21,0.0
2022-12-22,0.0
2022-12-23,0.0
2022-12-24,0.0
2022-12-25,0.0
2022-12-26,0.0
2022-12-27,0.0
2022-12-28,0.0
2022-12-29,0.0
2022-12-30,0.0
2022-12-31,0.0
2023-01-01,0.0
2023-01-02,0.0
2023-01-03,0.0
2023-01-04,0.0
2023-01-05,0.0
2023-01-06,0.0
2023-01-07,0.0
2023-01-08,0.0
2023-01-09,0.0
2023-01-10,0.0
2023-01-11,0.0
2023-01-12,0.0
2023-01-13,0.0
2023-01-14,0.0
2023-01-15,0.0
2023-01-16,0.0
2023-01-17,0.0
2023-01-18,0.0
2023-01-19,0.0
2023-01-20,0.0
2023-01-21,0.0
2023-01-22,0.0
2023-01-23,0.0
2023-01-24,0.01
2023-01-25,0.06
2023-01-26,0.02
2023-01-27,0.0
2023-01-28,0.0
2023-01-29,0.0
2023-01-30,0.0
2023-01-31,0.0
2023-02-01,0.0
2023-02-02,0.0
2023-02-03,0.0
2023-02-04,0.0
2023-02-05,0.0
2023-02-06,0.0
2023-02-07,0.0
2023-02-08,0.0
2023-02-09,0.0
2023-02-10,0.0
2023-02-11,0.0
2023-02-12,0.0
2023-02-13,0.0
2023-02-14,0.0
2023-02-15,0.0
2023-02-16,0.0
2023-02-17,0.0
2023-02-18,0.0
2023-02-19,0.0
2023-02-20,0.0
2023-02-21,0.0
2023-02-22,0.0
2023-02-23,0.0
2023-02-24,0.0
2023-02-25,0.0
2023-02-26,0.0
2023-02-27,0.0
2023-02-28,0.0
2023-03-01,0.0
2023-03-02,0.0
2023-03-03,0.0
2023-03-04,0.0
2023-03-05,0.0
2023-03-06,0.21
2023-03-07,1.35
2023-03-08,0.03
2023-03-09,0.0
2023-03-10,0.0
2023-03-11,0.0
2023-03-12,0.0
2023-03-13,0.0
2023-03-14,0.0
2023-03-15,0.67
2023-03-16,2.29
2023-03-17,1.09
2023-03-18,0.35
2023-03-19,0.36
2023-03-20,0.76
2023-03-21,4.72
2023-03-22,0.01
2023-03-23,0.0
2023-03-24,0.0
2023-03-25,0.0
2023-03-26,0.0
2023-03-27,0.0
2023-03-28,0.0
2023-03-29,0.0
2023-03-30,0.0
2023-03-31,0.0
2023-04-01,0.0
2023-04-02,0.0
2023-04-03,0.0
2023-04-04,0.0
2023-04-05,0.0
2023-04-06,0.57
2023-04-07,1.34
2023-04-08,0.57
2023-04-09,2.07
2023-04-10,0.05
2023-04-11,0.01
2023-04-12,0.51
2023-04-13,0.03
2023-04-14,8.04
2023-04-15,0.85
2023-04-16,2.29
2023-04-17,0.0
2023-04-18,0.0
2023-04-19,0.01
2023-04-20,1.48
2023-04-21,0.29
2023-04-22,0.0
2023-04-23,0.0
2023-04-24,0.0
2023-04-25,0.0
2023-04-26,0.01
2023-04-27,0.18
2023-04-28,0.45
2023-04-29,2.55
2023-04-30,0.02
2023-05-01,0.01
2023-05-02,0.55
2023-05-03,0.58
2023-05-04,0.71
2023-05-05,0.01
2023-05-06,0.03
2023-05-07,1.9
2023-05-08,2.77
2023-05-09,3.08
2023-05-10,0.4
2023-05-11,0.0
2023-05-12,0.0
2023-05-13,0.0
2023-05-14,0.0
2023-05-15,0.0
2023-05-16,0.0
2023-05-17,0.0
2023-05-18,0.0
2023-05-19,0.0
2023-05-20,0.0
2023-05-21,0.01
2023-05-22,0.16
2023-05-23,0.0
2023-05-24,0.0
2023-05-25,0.11
2023-05-26,2.27
2023-05-27,0.02
2023-05-28,0.07
2023-05-29,2.03
2023-05-30,2.74
2023-05-31,0.34
2023-06-01,0.87
2023-06-02,2.21
2023-06-03,0.14
2023-06-04,3.36
2023-06-05,4.27
2023-06-06,0.02
2023-06-07,0.03
2023-06-08,1.46
2023-06-09,3.38
2023-06-10,2.2
2023-06-11,0.23
2023-06-12,2.47
2023-06-13,1.69
2023-06-14,6.14
2023-06-15,1.66
2023-06-16,1.37
2023-06-17,1.11
2023-06-18,0.37
2023-06-19,0.08
2023-06-20,0.08
2023-06-21,0.22
2023-06-22,0.9
2023-06-23,1.42
2023-06-24,39.91
2023-06-25,33.15
2023-06-26,46.52
2023-06-27,38.73
2023-06-28,26.72
2023-06-29,16.77
2023-06-30,64.8
2023-07-01,24.84
2023-07-02,19.11
2023-07-03,27.65
2023-07-04,20.32
2023-07-05,10.79
2023-07-06,30.37
2023-07-07,38.2
2023-07-08,17.81
2023-07-09,8.16
2023-07-10,4.56
2023-07-11,3.32
2023-07-12,4.58
2023-07-13,12.12
2023-07-14,16.84
2023-07-15,9.22
2023-07-16,15.26
2023-07-17,31.63
2023-07-18,82.44
2023-07-19,94.4
2023-07-20,45.73
2023-07-21,42.9
2023-07-22,40.17
2023-07-23,38.31
2023-07-24,47.54
2023-07-25,44.66
2023-07-26,64.93
2023-07-27,58.67
2023-07-28,34.73
2023-07-29,18.67
2023-07-30,15.89
2023-07-31,17.48
2023-08-01,16.68
2023-08-02,6.12
2023-08-03,5.94
2023-08-04,11.05
2023-08-05,7.09
2023-08-06,5.75
2023-08-07,3.11
2023-08-08,3.51
2023-08-09,4.99
2023-08-10,5.51
2023-08-11,3.03
2023-08-12,4.51
2023-08-13,6.16
2023-08-14,2.77
2023-08-15,2.98
2023-08-16,3.69
2023-08-17,4.11
2023-08-18,3.4
2023-08-19,8.48
2023-08-20,8.48
2023-08-21,3.92
2023-08-22,6.1
2023-08-23,3.85
2023-08-24,9.84
2023-08-25,14.53
2023-08-26,13.71
2023-08-27,12.2
2023-08-28,9.05
2023-08-29,1.65
2023-08-30,0.18
2023-08-31,1.37
2023-09-01,12.8
2023-09-02,17.73
2023-09-03,3.86
2023-09-04,2.43
2023-09-05,0.35
2023-09-06,3.73
2023-09-07,38.47
2023-09-08,46.07
2023-09-09,16.04
2023-09-10,7.67
2023-09-11,4.07
2023-09-12,1.52
2023-09-13,3.62
2023-09-14,3.62
2023-09-15,1.66
2023-09-16,4.85
2023-09-17,5.88
2023-09-18,12.01
2023-09-19,10.48
2023-09-20,14.18
2023-09-21,23.02
2023-09-22,15.92
2023-09-23,29.98
2023-09-24,7.92
2023-09-25,7.28
2023-09-26,22.38
2023-09-27,20.12
2023-09-28,16.02
2023-09-29,14.33
2023-09-30,12.5
2023-10-01,25.36
2023-10-02,8.84
2023-10-03,0.12
2023-10-04,0.0
2023-10-05,0.0
2023-10-06,0.0
2023-10-07,0.0
2023-10-08,0.0
2023-10-09,0.0
2023-10-10,0.0
2023-10-11,0.0
2023-10-12,0.0
2023-10-13,0.0
2023-10-14,0.0
2023-10-15,0.05
2023-10-16,0.07
2023-10-17,0.93
2023-10-18,0.15
2023-10-19,0.12
2023-10-20,0.12
2023-10-21,0.02
2023-10-22,0.0
2023-10-23,0.0
2023-10-24,0.0
2023-10-25,0.0
2023-10-26,0.0
2023-10-27,0.0
2023-10-28,0.0
2023-10-29,0.0
2023-10-30,0.0
2023-10-31,0.0
2023-11-01,0.0
2023-11-02,0.0
2023-11-03,0.0
2023-11-04,0.0
2023-11-05,0.0
2023-11-06,0.0
2023-11-07,0.01
2023-11-08,3.55
2023-11-09,0.52
2023-11-10,13.34
2023-11-11,2.8
2023-11-12,0.0
2023-11-13,0.0
2023-11-14,0.0
2023-11-15,0.0
2023-11-16,0.0
2023-11-17,0.0
2023-11-18,0.0
2023-11-19,0.0
2023-11-20,0.0
2023-11-21,0.0
2023-11-22,0.0
2023-11-23,0.0
2023-11-24,0.0
2023-11-25,3.33
2023-11-26,6.34
2023-11-27,3.32
2023-11-28,0.27
2023-11-29,0.2
2023-11-30,1.38
2023-12-01,0.75
2023-12-02,0.29
2023-12-03,0.0
2023-12-04,0.0
2023-12-05,0.01
2023-12-06,0.01
2023-12-07,0.0
2023-12-08,0.0
2023-12-09,0.0
2023-12-10,0.0
2023-12-11,0.0
2023-12-12,0.0
2023-12-13,0.0
2023-12-14,0.0
2023-12-15,0.0
2023-12-16,0.0
2023-12-17,0.0
2023-12-18,0.0
2023-12-19,0.0
2023-12-20,0.0
2023-12-21,0.0
2023-12-22,0.0
2023-12-23,0.0
2023-12-24,0.0
2023-12-25,0.0
2023-12-26,0.0
2023-12-27,0.0
2023-12-28,0.0
2023-12-29,0.0
2023-12-30,0.0
2023-12-31,0.0
2024-01-01,0.0
2024-01-02,0.0
2024-01-03,0.0
2024-01-04,0.0
2024-01-05,0.0
2024-01-06,0.0
2024-01-07,0.0
2024-01-08,0.01
2024-01-09,2.44
2024-01-10,0.37
2024-01-11,0.04
2024-01-12,0.0
2024-01-13,0.0
2024-01-14,0.0
2024-01-15,0.0
2024-01-16,0.0
2024-01-17,0.0
2024-01-18,0.0
2024-01-19,0.0
2024-01-20,0.0
2024-01-21,0.0
2024-01-22,0.0
2024-01-23,0.0
2024-01-24,0.0
2024-01-25,0.0
2024-01-26,0.0
2024-01-27,0.0
2024-01-28,0.0
2024-01-29,0.0
2024-01-30,0.0
2024-01-31,0.0
2024-02-01,0.0
2024-02-02,0.0
2024-02-03,0.0
2024-02-04,0.0
2024-02-05,0.0
2024-02-06,0.0
2024-02-07,0.0
2024-02-08,0.0
2024-02-09,0.0
2024-02-10,0.0
2024-02-11,0.0
2024-02-12,0.0
2024-02-13,0.0
2024-02-14,0.0
2024-02-15,0.0
2024-02-16,0.0
2024-02-17,0.0
2024-02-18,0.0
2024-02-19,0.0
2024-02-20,0.0
2024-02-21,0.0
2024-02-22,0.0
2024-02-23,0.0
2024-02-24,0.0
2024-02-25,0.0
2024-02-26,0.0
2024-02-27,0.28
2024-02-28,0.07
2024-02-29,0.02
2024-03-01,0.49
2024-03-02,0.04
2024-03-03,0.0
2024-03-04,0.0
2024-03-05,0.0
2024-03-06,0.0
2024-03-07,0.0
2024-03-08,0.0
2024-03-09,0.0
2024-03-10,0.0
2024-03-11,0.0
2024-03-12,0.0
2024-03-13,0.0
2024-03-14,0.0
2024-03-15,0.0
2024-03-16,0.0
2024-03-17,0.0
2024-03-18,0.0
2024-03-19,0.0
2024-03-20,0.0
2024-03-21,0.0
2024-03-22,0.0
2024-03-23,0.0
2024-03-24,0.0
2024-03-25,0.0
2024-03-26,0.0
2024-03-27,0.0
2024-03-28,0.02
2024-03-29,0.26
2024-03-30,0.01
2024-03-31,0.0
2024-04-01,0.0
2024-04-02,0.0
2024-04-03,0.0
2024-04-04,0.0
2024-04-05,0.0
2024-04-06,0.0
2024-04-07,0.0
2024-04-08,0.0
2024-04-09,0.0
2024-04-10,0.0
2024-04-11,0.0
2024-04-12,0.0
2024-04-13,0.01
2024-04-14,0.0
2024-04-15,0.0
2024-04-16,0.0
2024-04-17,0.0
2024-04-18,0.0
2024-04-19,0.0
2024-04-20,3.59
2024-04-21,0.43
2024-04-22,0.02
2024-04-23,0.07
2024-04-24,1.45
2024-04-25,0.38
2024-04-26,0.05
2024-04-27,0.0
2024-04-28,0.0
2024-04-29,0.0
2024-04-30,0.0
2024-05-01,0.0
2024-05-02,0.0
2024-05-03,0.0
2024-05-04,0.0
2024-05-05,0.0
2024-05-06,0.01
2024-05-07,0.0
2024-05-08,0.02
2024-05-09,0.04
2024-05-10,6.57
2024-05-11,17.09
2024-05-12,2.36
2024-05-13,3.47
2024-05-14,5.88
2024-05-15,6.22
2024-05-16,2.21
2024-05-17,1.54
2024-05-18,1.71
2024-05-19,2.47
2024-05-20,5.15
2024-05-21,3.14
2024-05-22,0.97
2024-05-23,2.46
2024-05-24,0.13
2024-05-25,0.02
2024-05-26,0.03
2024-05-27,0.0
2024-05-28,0.0
2024-05-29,0.01
2024-05-30,0.01
2024-05-31,0.03
2024-06-01,0.05
2024-06-02,0.22
2024-06-03,8.28
2024-06-04,13.79
2024-06-05,13.24
2024-06-06,10.72
2024-06-07,5.37
2024-06-08,36.55
2024-06-09,43.36
2024-06-10,14.18
2024-06-11,8.31
2024-06-12,7.56
2024-06-13,11.46
2024-06-14,8.72
2024-06-15,2.35
2024-06-16,2.17
2024-06-17,2.64
2024-06-18,9.39
2024-06-19,12.99
2024-06-20,24.04
2024-06-21,12.67
2024-06-22,9.58
2024-06-23,10.92
2024-06-24,6.47
2024-06-25,13.0
2024-06-26,18.78
2024-06-27,18.9
2024-06-28,28.34
2024-06-29,15.14
2024-06-30,15.81
2024-07-01,20.81
2024-07-02,26.42
2024-07-03,6.51
2024-07-04,7.6
2024-07-05,12.41
2024-07-06,24.73
2024-07-07,33.72
2024-07-08,34.67
2024-07-09,21.69
2024-07-10,8.71
2024-07-11,4.32
2024-07-12,48.07
2024-07-13,64.9
2024-07-14,47.45
2024-07-15,18.6
2024-07-16,6.98
2024-07-17,21.26
2024-07-18,31.23
2024-07-19,30.94
2024-07-20,42.66
2024-07-21,53.32
2024-07-22,49.7
2024-07-23,67.95
2024-07-24,82.6
2024-07-25,125.97
2024-07-26,32.11
2024-07-27,16.61
2024-07-28,21.94
2024-07-29,33.27
2024-07-30,33.79
2024-07-31,19.25
2024-08-01,26.05
2024-08-02,28.65
2024-08-03,61.46
2024-08-04,38.81
2024-08-05,17.23
2024-08-06,11.41
2024-08-07,8.94
2024-08-08,7.59
2024-08-09,9.15
2024-08-10,9.13
2024-08-11,7.13
2024-08-12,2.95
2024-08-13,1.45
2024-08-14,0.16
2024-08-15,1.03
2024-08-16,2.21
2024-08-17,25.82
2024-08-18,91.08
2024-08-19,21.86
2024-08-20,9.79
2024-08-21,2.53
2024-08-22,5.15
2024-08-23,19.69
2024-08-24,56.66
2024-08-25,37.34
2024-08-26,32.96
2024-08-27,21.23
2024-08-28,14.03
2024-08-29,5.32
2024-08-30,5.95
2024-08-31,3.49
2024-09-01,3.92
2024-09-02,15.01
2024-09-03,11.51
2024-09-04,21.15
2024-09-05,23.09
2024-09-06,11.11
2024-09-07,11.12
2024-09-08,5.1
2024-09-09,7.51
2024-09-10,7.52
2024-09-11,8.58
2024-09-12,5.07
2024-09-13,1.71
2024-09-14,6.72
2024-09-15,8.73
2024-09-16,2.06
2024-09-17,1.39
2024-09-18,0.37
2024-09-19,0.01
2024-09-20,0.68
2024-09-21,4.05
2024-09-22,9.86
2024-09-23,15.16
2024-09-24,25.2
2024-09-25,100.15
2024-09-26,51.88
2024-09-27,28.71
2024-09-28,6.87
2024-09-29,1.3
2024-09-30,0.48
2024-10-01,2.06
2024-10-02,4.84
2024-10-03,0.4
2024-10-04,0.08
2024-10-05,0.01
2024-10-06,4.91
2024-10-07,0.13
2024-10-08,1.93
2024-10-09,4.01
2024-10-10,16.72
2024-10-11,12.44
2024-10-12,0.63
2024-10-13,13.13
2024-10-14,4.08
2024-10-15,11.05
2024-10-16,8.67
2024-10-17,2.18
2024-10-18,3.51
2024-10-19,5.57
2024-10-20,13.89
2024-10-21,1.24
2024-10-22,4.49
2024-10-23,1.91
2024-10-24,0.0
2024-10-25,0.0
2024-10-26,0.0
2024-10-27,0.0
2024-10-28,0.0
2024-10-29,0.89
2024-10-30,0.31
2024-10-31,0.07
2024-11-01,0.22
2024-11-02,0.0
2024-11-03,0.0
2024-11-04,0.0
2024-11-05,0.0
2024-11-06,0.0
2024-11-07,0.0
2024-11-08,0.0
2024-11-09,0.0
2024-11-10,0.0
2024-11-11,0.0
2024-11-12,0.0
2024-11-13,0.0
2024-11-14,0.01
2024-11-15,2.59
2024-11-16,0.94
2024-11-17,0.0
2024-11-18,0.0
2024-11-19,0.0
2024-11-20,0.0
2024-11-21,0.0
2024-11-22,0.0
2024-11-23,0.0
2024-11-24,0.0
2024-11-25,0.0
2024-11-26,0.0
2024-11-27,0.0
2024-11-28,0.0
2024-11-29,0.0
2024-11-30,0.0
2024-12-01,0.0
2024-12-02,0.0
2024-12-03,0.14
2024-12-04,0.42
2024-12-05,0.46
2024-12-06,0.05
2024-12-07,0.0
2024-12-08,0.0
2024-12-09,0.0
2024-12-10,0.0
2024-12-11,0.0
2024-12-12,0.0
2024-12-13,0.0
2024-12-14,0.0
2024-12-15,0.0
2024-12-16,0.0
2024-12-17,0.0
2024-12-18,0.0
2024-12-19,0.0
2024-12-20,0.0
2024-12-21,0.0
2024-12-22,0.0
2024-12-23,0.0
2024-12-24,0.0
2024-12-25,0.0
2024-12-26,0.0
2024-12-27,0.01
2024-12-28,1.12
2024-12-29,0.28
2024-12-30,0.0
2024-12-31,0.0
2025-01-01,0.0
